/*
SQLyog Community v13.1.6 (64 bit)
MySQL - 10.4.14-MariaDB : Database - db_online_quran
*********************************************************************
*/

/*!40101 SET NAMES utf8 */;

/*!40101 SET SQL_MODE=''*/;

/*!40014 SET @OLD_UNIQUE_CHECKS=@@UNIQUE_CHECKS, UNIQUE_CHECKS=0 */;
/*!40014 SET @OLD_FOREIGN_KEY_CHECKS=@@FOREIGN_KEY_CHECKS, FOREIGN_KEY_CHECKS=0 */;
/*!40101 SET @OLD_SQL_MODE=@@SQL_MODE, SQL_MODE='NO_AUTO_VALUE_ON_ZERO' */;
/*!40111 SET @OLD_SQL_NOTES=@@SQL_NOTES, SQL_NOTES=0 */;
CREATE DATABASE /*!32312 IF NOT EXISTS*/`db_online_quran` /*!40100 DEFAULT CHARACTER SET utf8 */;

USE `db_online_quran`;

/*Table structure for table `acc_invoice` */

DROP TABLE IF EXISTS `acc_invoice`;

CREATE TABLE `acc_invoice` (
  `id` int(11) NOT NULL AUTO_INCREMENT,
  `account_id` int(11) NOT NULL DEFAULT 0,
  `invs_type` enum('monthly','instant') NOT NULL DEFAULT 'monthly',
  `invs_number` varchar(20) NOT NULL DEFAULT '',
  `invs_subject` varchar(250) NOT NULL DEFAULT '',
  `invs_description` text NOT NULL,
  `invs_tax` double DEFAULT 0,
  `invs_currency` varchar(10) NOT NULL DEFAULT '',
  `invs_payment_method` enum('paypal','other') NOT NULL DEFAULT 'paypal',
  `invs_payment_description` text DEFAULT NULL,
  `invs_amount` double NOT NULL DEFAULT 0,
  `invs_recvd_amount` double DEFAULT NULL,
  `invs_recvd_amount_date` date DEFAULT NULL,
  `invs_status` tinyint(1) NOT NULL DEFAULT 0 COMMENT 'paid,unpaid',
  `invs_active` tinyint(1) NOT NULL DEFAULT 1 COMMENT 'active,inactive',
  `invs_created_date` timestamp NOT NULL DEFAULT current_timestamp(),
  `invs_due_date` date DEFAULT NULL,
  `invs_rec_no_of_invoices` int(11) NOT NULL DEFAULT 1 COMMENT 'Instant Invoices',
  `invs_rec_sending_day` int(11) DEFAULT NULL COMMENT 'recovery invoices',
  `invs_rec_due_day` int(11) DEFAULT NULL COMMENT 'recovery invoices',
  `invs_sent_date` date DEFAULT NULL,
  `monthly_sent_email_reminder` tinyint(4) NOT NULL DEFAULT 1,
  `recovery_sent_email_reminder` int(11) NOT NULL DEFAULT 1,
  `invs_copy_of_invoice` varchar(50) DEFAULT NULL,
  `invs_template` tinyint(1) NOT NULL DEFAULT 0 COMMENT '0-not a template, 1- yes it is template invoice',
  `fk_company_id` int(11) NOT NULL DEFAULT 0,
  PRIMARY KEY (`id`,`account_id`),
  UNIQUE KEY `invs_number` (`invs_number`),
  KEY `fk_acc_invoice_account1` (`account_id`)
) ENGINE=MyISAM DEFAULT CHARSET=latin1;

/*Data for the table `acc_invoice` */

/*Table structure for table `acc_invoice_payment` */

DROP TABLE IF EXISTS `acc_invoice_payment`;

CREATE TABLE `acc_invoice_payment` (
  `acc_invoice_account_id` int(11) NOT NULL DEFAULT 0,
  `acc_invoice_id` int(11) NOT NULL DEFAULT 0,
  `amount` double DEFAULT NULL,
  `submission_date` date DEFAULT NULL,
  `due_date` date DEFAULT NULL,
  PRIMARY KEY (`acc_invoice_account_id`,`acc_invoice_id`),
  KEY `fk_acc_invoice_payment_acc_invoice1` (`acc_invoice_id`,`acc_invoice_account_id`)
) ENGINE=MyISAM DEFAULT CHARSET=latin1;

/*Data for the table `acc_invoice_payment` */

/*Table structure for table `account` */

DROP TABLE IF EXISTS `account`;

CREATE TABLE `account` (
  `id` int(11) NOT NULL AUTO_INCREMENT,
  `module_name` varchar(45) DEFAULT NULL,
  `description` text DEFAULT NULL,
  `users_id` int(11) NOT NULL DEFAULT 0,
  PRIMARY KEY (`id`,`users_id`),
  KEY `fk_account_users` (`users_id`)
) ENGINE=MyISAM AUTO_INCREMENT=31 DEFAULT CHARSET=latin1;

/*Data for the table `account` */

insert  into `account`(`id`,`module_name`,`description`,`users_id`) values 
(1,'account',NULL,4),
(2,'account',NULL,5),
(3,'account',NULL,6),
(4,'account',NULL,7),
(5,'account',NULL,9),
(6,'account',NULL,10),
(7,'account',NULL,11),
(8,'account',NULL,12),
(9,'account',NULL,14),
(10,'account',NULL,15),
(11,'account',NULL,16),
(12,'account',NULL,17),
(13,'account',NULL,19),
(14,'account',NULL,20),
(15,'account',NULL,22),
(16,'account',NULL,24),
(17,'account',NULL,25),
(18,'account',NULL,26),
(19,'account',NULL,27),
(20,'account',NULL,29),
(21,'account',NULL,30),
(22,'account',NULL,31),
(23,'account',NULL,32),
(24,'account',NULL,33),
(25,'account',NULL,34),
(26,'account',NULL,35),
(27,'account',NULL,36),
(28,'account',NULL,38),
(29,'account',NULL,39),
(30,'account',NULL,40);

/*Table structure for table `ayat` */

DROP TABLE IF EXISTS `ayat`;

CREATE TABLE `ayat` (
  `AyahID` int(11) NOT NULL DEFAULT 0,
  `SurahID` int(11) NOT NULL DEFAULT 0,
  `AyahNo` int(11) NOT NULL DEFAULT 0,
  `QuranArabic` text CHARACTER SET utf8 COLLATE utf8_bin NOT NULL,
  `UrFatehMuhamamd` text CHARACTER SET utf8 COLLATE utf8_bin NOT NULL,
  `UrMehmudulHassan` text CHARACTER SET utf8 COLLATE utf8_bin NOT NULL,
  `EnglishMohsin` text CHARACTER SET utf8 COLLATE utf8_bin NOT NULL,
  `EnglishTaqiUsmani` text CHARACTER SET utf8 COLLATE utf8_bin NOT NULL,
  `RakuID` int(11) NOT NULL DEFAULT 0,
  `PRakuID` int(11) NOT NULL DEFAULT 0,
  `ParaID` int(11) NOT NULL DEFAULT 0,
  `ParaRaku` int(11) NOT NULL DEFAULT 0
) ENGINE=MyISAM DEFAULT CHARSET=utf8;

/*Data for the table `ayat` */

/*Table structure for table `class_reschdule` */

DROP TABLE IF EXISTS `class_reschdule`;

CREATE TABLE `class_reschdule` (
  `id` int(11) NOT NULL DEFAULT 0,
  `fk_students_teacher` int(11) NOT NULL DEFAULT 0,
  `reschedule_date` date NOT NULL DEFAULT '0000-00-00',
  `fk_new_time_slot` int(11) DEFAULT NULL,
  `fk_teacher` int(11) DEFAULT NULL,
  `reschedule_remarks` text NOT NULL,
  `posted_date` timestamp NOT NULL DEFAULT current_timestamp()
) ENGINE=MyISAM DEFAULT CHARSET=latin1;

/*Data for the table `class_reschdule` */

/*Table structure for table `classes` */

DROP TABLE IF EXISTS `classes`;

CREATE TABLE `classes` (
  `id` bigint(20) NOT NULL AUTO_INCREMENT,
  `fk_teacher_id` int(11) NOT NULL DEFAULT 0,
  `fk_student_id` int(11) NOT NULL DEFAULT 0,
  `fk_time_slot_id` int(11) NOT NULL DEFAULT 0,
  `total_required_slots` int(11) NOT NULL DEFAULT 1,
  `fk_courses_lessons` int(11) DEFAULT NULL,
  `lesson_repeat` tinyint(1) NOT NULL DEFAULT 0 COMMENT '0- not repeat, 1-repeat',
  `class_date` date NOT NULL DEFAULT '0000-00-00',
  `class_status` tinyint(1) NOT NULL DEFAULT 0 COMMENT '1- class in progress, 0- means class has not been yet started, 2- means class taken',
  `class_type` enum('regular','rescheduled','make-up','additional') NOT NULL DEFAULT 'regular',
  `original_date` date DEFAULT NULL,
  `remarks` text DEFAULT NULL,
  `class_recordings` varchar(250) DEFAULT NULL,
  `class_start_time` varchar(50) DEFAULT NULL COMMENT 'milli scond will be saved',
  `class_end_time` varchar(50) DEFAULT NULL COMMENT 'milli second will be saved. or some text when teacher donot close the class',
  `fk_student_teacher_id` int(11) NOT NULL DEFAULT 0 COMMENT 'through this we will keep track of classes',
  PRIMARY KEY (`id`),
  UNIQUE KEY `fk_teacher_id` (`fk_teacher_id`,`fk_student_id`,`fk_time_slot_id`,`class_date`)
) ENGINE=MyISAM DEFAULT CHARSET=latin1;

/*Data for the table `classes` */

/*Table structure for table `companies` */

DROP TABLE IF EXISTS `companies`;

CREATE TABLE `companies` (
  `id` int(10) unsigned NOT NULL AUTO_INCREMENT,
  `company_name` varchar(200) CHARACTER SET latin1 NOT NULL DEFAULT '',
  `address` varchar(200) CHARACTER SET latin1 NOT NULL DEFAULT '',
  `email` varchar(200) CHARACTER SET latin1 NOT NULL DEFAULT '',
  `slogan` varchar(200) CHARACTER SET latin1 NOT NULL DEFAULT '',
  `company_logo` varchar(100) CHARACTER SET latin1 NOT NULL DEFAULT '',
  `status` tinyint(1) NOT NULL DEFAULT 1,
  `created_at` datetime DEFAULT NULL,
  `updated_at` datetime DEFAULT NULL,
  PRIMARY KEY (`id`)
) ENGINE=InnoDB AUTO_INCREMENT=2 DEFAULT CHARSET=utf8;

/*Data for the table `companies` */

insert  into `companies`(`id`,`company_name`,`address`,`email`,`slogan`,`company_logo`,`status`,`created_at`,`updated_at`) values 
(1,'Rabani Institute','F10 Markaz','rabani@system.com','Learn Quran','',1,'2020-12-25 11:03:20','2020-12-25 11:03:24');

/*Table structure for table `conversion_rates` */

DROP TABLE IF EXISTS `conversion_rates`;

CREATE TABLE `conversion_rates` (
  `date` date NOT NULL DEFAULT '0000-00-00',
  `from_currency` varchar(10) NOT NULL DEFAULT '',
  `to_currency` varchar(10) NOT NULL DEFAULT 'USD',
  `rate` double NOT NULL DEFAULT 0
) ENGINE=MyISAM DEFAULT CHARSET=latin1;

/*Data for the table `conversion_rates` */

insert  into `conversion_rates`(`date`,`from_currency`,`to_currency`,`rate`) values 
('2011-11-03','CAD','USD',0.982),
('2011-11-03','AED','USD',0.2722),
('2011-12-01','CAD','USD',0.9848),
('2012-01-02','CAD','USD',0.9808);

/*Table structure for table `courses` */

DROP TABLE IF EXISTS `courses`;

CREATE TABLE `courses` (
  `id` int(11) unsigned NOT NULL AUTO_INCREMENT,
  `company_id` int(11) unsigned NOT NULL DEFAULT 0,
  `course_title` varchar(250) CHARACTER SET latin1 NOT NULL DEFAULT '',
  `course_type` tinyint(1) NOT NULL DEFAULT 1 COMMENT '1 Regular 2 Lecture',
  `status` tinyint(1) NOT NULL DEFAULT 1,
  `cdescription` text CHARACTER SET latin1 NOT NULL,
  `created_at` datetime DEFAULT NULL,
  `updated_at` datetime DEFAULT NULL,
  PRIMARY KEY (`id`,`status`),
  KEY `fk_company_id_courses_compaines` (`company_id`),
  CONSTRAINT `fk_company_id_courses_compaines` FOREIGN KEY (`company_id`) REFERENCES `companies` (`id`) ON DELETE CASCADE ON UPDATE CASCADE
) ENGINE=InnoDB AUTO_INCREMENT=10 DEFAULT CHARSET=utf8;

/*Data for the table `courses` */

insert  into `courses`(`id`,`company_id`,`course_title`,`course_type`,`status`,`cdescription`,`created_at`,`updated_at`) values 
(1,1,'Noorani Qaida',1,1,'<p>\r\n	This is the first book that a child starts with.</p>\r\n','2020-12-27 10:08:27','2020-12-27 10:08:27'),
(2,1,'Advance Tajweed (Arabic)',1,1,'<p>\r\n	This couse talks about the details and theory of Tajweed.</p>\r\n','2020-12-27 10:08:27','2020-12-27 10:08:27'),
(3,1,'Noorani Qaida (Arabic)',1,1,'<p>\r\n	This is the first step towards learning Quran.</p>\r\n','2020-12-27 10:08:27','2020-12-27 10:08:27'),
(4,1,'Tafseer (English)',2,1,'<p>\r\n	Tafseer of Holy Quran in English</p>\r\n','2020-12-27 10:08:27','2020-12-27 10:08:27'),
(5,1,'The Holy Quran (Usmani Script)',1,1,'<p>\r\n	This is The Holy Quran in Osmani Script</p>\r\n','2020-12-27 10:08:27','2020-12-27 10:08:27'),
(6,1,'Qaida (English)',1,1,'<p>\r\n	This is the Qaida in English</p>\r\n','2020-12-27 10:08:27','2020-12-27 10:08:27'),
(7,1,'The Holy Quran (Arabic Script)',1,1,'<p>\r\n	The Holy Quran in Arabic Script</p>\r\n','2020-12-27 10:08:27','2020-12-27 10:08:27'),
(8,1,'Hadith for Kids',2,1,'<p>\r\n	Stories from the Ahadith explained in a way that kids can get a lesson from it and then can apply it to there lives.</p>\r\n','2020-12-27 10:08:27','2020-12-27 10:08:27'),
(9,1,'Tafseer for Kids',2,1,'<p>\r\n	Weekly Tafseer lecture for kids</p>\r\n','2020-12-27 10:08:27','2020-12-27 10:08:27');

/*Table structure for table `courses_lessons` */

DROP TABLE IF EXISTS `courses_lessons`;

CREATE TABLE `courses_lessons` (
  `id` int(10) unsigned NOT NULL AUTO_INCREMENT,
  `couse_id` int(10) unsigned NOT NULL DEFAULT 0,
  `lesson_label` varchar(250) CHARACTER SET latin1 NOT NULL DEFAULT '',
  `lesson_detail` text CHARACTER SET latin1 NOT NULL,
  `lesson_tablet` text CHARACTER SET latin1 NOT NULL,
  `created_at` datetime DEFAULT NULL,
  `updated_at` datetime DEFAULT NULL,
  PRIMARY KEY (`id`),
  KEY `fk_course_id_courses_course_lessons` (`couse_id`),
  CONSTRAINT `fk_course_id_courses_course_lessons` FOREIGN KEY (`couse_id`) REFERENCES `courses` (`id`) ON DELETE CASCADE ON UPDATE CASCADE
) ENGINE=InnoDB AUTO_INCREMENT=195 DEFAULT CHARSET=utf8;

/*Data for the table `courses_lessons` */

insert  into `courses_lessons`(`id`,`couse_id`,`lesson_label`,`lesson_detail`,`lesson_tablet`,`created_at`,`updated_at`) values 
(1,1,'Noorani Qaida Lesson 1','This is the first lesson from the Noorani Qaida','<p style=\"text-align: center;\">\r\n	<img alt=\"\" src=\"/courses_lesson/images/01.jpg\" style=\"width: 538px; height: 719px;\" /></p>\r\n',NULL,NULL),
(2,1,'Noorani Qaida Lesson 2','This is the second lesson from the Noorani Qaida','<p style=\"text-align: center;\">\r\n	<img alt=\"\" src=\"/courses_lesson/images/02.jpg\" /></p>\r\n',NULL,NULL),
(3,1,'Noorani Qaida Lesson 3','This is the third lesson from the Noorani Qaida','<p style=\"text-align: center;\">\r\n	<img alt=\"\" src=\"/courses_lesson/images/03.jpg\" /></p>\r\n',NULL,NULL),
(4,1,'Noorani Qaida Lesson 4','This is the fourth lesson from the Noorani Qaida','<p style=\"text-align: center;\">\r\n	<img alt=\"\" src=\"/courses_lesson/images/04.jpg\" /></p>\r\n',NULL,NULL),
(5,1,'Noorani Qaida Lesson 5','This is the fifth lesson from the Noorani Qaida','<p style=\"text-align: center;\">\r\n	<img alt=\"\" src=\"/courses_lesson/images/05.jpg\" style=\"width: 632px; height: 1000px;\" /></p>\r\n',NULL,NULL),
(6,1,'Noorani Qaida Lesson 6','This is the sixth lesson from the Noorani Qaida','<p style=\"text-align: center;\">\r\n	<img alt=\"\" src=\"/courses_lesson/images/06.jpg\" /></p>\r\n',NULL,NULL),
(7,1,'Noorani Qaida Lesson 7','This the seventh lesson from the Noorani Qaida','<p style=\"text-align: center;\">\r\n	<img alt=\"\" src=\"/courses_lesson/images/07.jpg\" /></p>\r\n',NULL,NULL),
(8,1,'Noorani Qaida Lesson 8','This is the eighth lesson from the Noorani Qaida','<p style=\"text-align: center;\">\r\n	<img alt=\"\" src=\"/courses_lesson/images/08.jpg\" /></p>\r\n',NULL,NULL),
(9,1,'Noorani Qaida Lesson 9','This is the ninth lesson from the Noorani Qaida','<p style=\"text-align: center;\">\r\n	<img alt=\"\" src=\"/courses_lesson/images/09.jpg\" style=\"width: 632px; height: 1000px;\" /></p>\r\n',NULL,NULL),
(10,1,'Noorani Qaida Lesson 10','This is the tenth lesson from the Noorani Qaida','<p style=\"text-align: center;\">\r\n	<img alt=\"\" src=\"/courses_lesson/images/10.jpg\" /></p>\r\n',NULL,NULL),
(11,1,'Noorani Qaida Lesson 11','This is the eleventh lesson from the Noorani Qaida','<p style=\"text-align: center;\">\r\n	<img alt=\"\" src=\"/courses_lesson/images/11.jpg\" style=\"width: 635px; height: 1000px;\" /></p>\r\n',NULL,NULL),
(12,1,'Noorani Qaida Lesson 12','This is the twelfth lesson from the Noorani Qaida','<p style=\"text-align: center;\">\r\n	<img alt=\"\" src=\"/courses_lesson/images/12.jpg\" style=\"width: 636px; height: 1000px;\" /></p>\r\n',NULL,NULL),
(13,1,'Noorani Qaida Lesson 13','This is the thirteenth lesson from the Noorani Qaida ','<p style=\"text-align: center;\">\r\n	<img alt=\"\" src=\"/courses_lesson/images/13.jpg\" /></p>\r\n',NULL,NULL),
(14,1,'Noorani Qaida Lesson 14','This is the fourteenth lesson form the Noorani Qaida','<p style=\"text-align: center;\">\r\n	<img alt=\"\" src=\"/courses_lesson/images/14.jpg\" /></p>\r\n',NULL,NULL),
(15,1,'Noorani Qaida Lesson 15','This is the fifteenth lesson from the Noorani Qaida','<p style=\"text-align: center;\">\r\n	<img alt=\"\" src=\"/courses_lesson/images/15.jpg\" /></p>\r\n',NULL,NULL),
(16,1,'Noorani Qaida Lesson 16','This is the sixteenth lesson from the Noorani Qaida','<p style=\"text-align: center;\">\r\n	<img alt=\"\" src=\"/courses_lesson/images/16.jpg\" /></p>\r\n',NULL,NULL),
(17,1,'Noorani Qaida Lesson 17','This is the seventeenth lesson from the Noorani Qaida','<p style=\"text-align: center;\">\r\n	<img alt=\"\" src=\"/courses_lesson/images/17.jpg\" /></p>\r\n',NULL,NULL),
(18,1,'Noorani Qaida Lesson 18','This is the eighteenth lesson from the Noorani Qaida','<p style=\"text-align: center;\">\r\n	<img alt=\"\" src=\"/courses_lesson/images/18.jpg\" /></p>\r\n',NULL,NULL),
(19,1,'Noorani Qaida Lesson 19','This is the nineteenth lesson from the Noorani Qaida','<p style=\"text-align: center;\">\r\n	<img alt=\"\" src=\"/courses_lesson/images/19.jpg\" /></p>\r\n',NULL,NULL),
(20,1,'Noorani Qaida Lesson 20','This is the twentieth lesson from the Noorani Qaida','<p style=\"text-align: center;\">\r\n	<img alt=\"\" src=\"/courses_lesson/images/20.jpg\" style=\"width: 638px; height: 1000px;\" /></p>\r\n',NULL,NULL),
(21,1,'Noorani Qaida Lesson 21','This is the twenty first lesson from the Noorani Qaida','<p style=\"text-align: center;\">\r\n	<img alt=\"\" src=\"/courses_lesson/images/21.jpg\" /></p>\r\n',NULL,NULL),
(22,1,'Noorani Qaida Lesson 22','This is the twenty second lesson from the Noorani Qaida','<p style=\"text-align: center;\">\r\n	<img alt=\"\" src=\"/courses_lesson/images/22.jpg\" /></p>\r\n',NULL,NULL),
(23,1,'Noorani Qaida Lesson 23','This is the twenty third lesson from the Noorani Qaida','<p style=\"text-align: center;\">\r\n	<img alt=\"\" src=\"/courses_lesson/images/23.jpg\" /></p>\r\n',NULL,NULL),
(24,1,'Noorani Qaida Lesson 24','This is the twenty forth lesson from the Noorani Qaida','<p style=\"text-align: center;\">\r\n	<img alt=\"\" src=\"/courses_lesson/images/24.jpg\" /></p>\r\n',NULL,NULL),
(25,1,'Noorani Qaida Lesson 25','This is the twenty fifth lesson from the Noorani Qaida','<p style=\"text-align: center;\">\r\n	<img alt=\"\" src=\"/courses_lesson/images/25.jpg\" /></p>\r\n',NULL,NULL),
(26,1,'Noorani Qaida Lesson 26','This is the twenty sixth lesson from the Noorani Qaida','<p style=\"text-align: center;\">\r\n	<img alt=\"\" src=\"/courses_lesson/images/26.jpg\" /></p>\r\n',NULL,NULL),
(27,1,'Noorani Qaida Lesson 27','This is the twenty seventh lesson from the Noorani Qaida','<p style=\"text-align: center;\">\r\n	<img alt=\"\" src=\"/courses_lesson/images/27.jpg\" /></p>\r\n',NULL,NULL),
(28,1,'Noorani Qaida Lesson 28','This is the twenty eight lesson from the Noorani Qaida','<p style=\"text-align: center;\">\r\n	<img alt=\"\" src=\"/courses_lesson/images/28.jpg\" style=\"width: 638px; height: 1000px;\" /></p>\r\n',NULL,NULL),
(29,1,'Noorani Qaida Lesson 29','This is the twenty ninth lesson from the Noorani Qaida','<p style=\"text-align: center;\">\r\n	<img alt=\"\" src=\"/courses_lesson/images/29.jpg\" /></p>\r\n',NULL,NULL),
(30,1,'Noorani Qaida Lesson 30','This is the thirtieth lesson from the Noorani Qaida','<p style=\"text-align: center;\">\r\n	<img alt=\"\" src=\"/courses_lesson/images/30.jpg\" /></p>\r\n',NULL,NULL),
(31,1,'Noorani Qaida Lesson 31','This is the thirty first lesson from the Noorani Qaida','<p style=\"text-align: center;\">\r\n	<img alt=\"\" src=\"/courses_lesson/images/31.jpg\" /></p>\r\n',NULL,NULL),
(32,1,'Noorani Qaida Lesson 32','This is the thirty second lesson from the Noorani Qaida','<p style=\"text-align: center;\">\r\n	<img alt=\"\" src=\"/courses_lesson/images/32.jpg\" /></p>\r\n',NULL,NULL),
(33,1,'Complete Noorani Qaida','This contains all the tablets from the Noorani Qaida on one screen','<p style=\"text-align: center;\">\r\n	<img alt=\"\" src=\"/courses_lesson/images/01.jpg\" style=\"width: 538px; height: 719px;\" /><img alt=\"\" src=\"/courses_lesson/images/02.jpg\" style=\"width: 632px; height: 1000px;\" /><img alt=\"\" src=\"/courses_lesson/images/03.jpg\" style=\"width: 635px; height: 1000px;\" /><img alt=\"\" src=\"/courses_lesson/images/04.jpg\" style=\"width: 634px; height: 1000px;\" /><img alt=\"\" src=\"/courses_lesson/images/05.jpg\" style=\"width: 632px; height: 1000px;\" /><img alt=\"\" src=\"/courses_lesson/images/06.jpg\" style=\"width: 637px; height: 1000px;\" /><img alt=\"\" src=\"/courses_lesson/images/07.jpg\" style=\"width: 634px; height: 1000px;\" /><img alt=\"\" src=\"/courses_lesson/images/08.jpg\" style=\"width: 634px; height: 1000px;\" /><img alt=\"\" src=\"/courses_lesson/images/09.jpg\" style=\"width: 632px; height: 1000px;\" /><img alt=\"\" src=\"/courses_lesson/images/10.jpg\" style=\"width: 631px; height: 1000px;\" /><img alt=\"\" src=\"/courses_lesson/images/11.jpg\" style=\"width: 635px; height: 1000px;\" /><img alt=\"\" src=\"/courses_lesson/images/12.jpg\" style=\"width: 636px; height: 1000px;\" /><img alt=\"\" src=\"/courses_lesson/images/13.jpg\" style=\"width: 638px; height: 1000px;\" /><img alt=\"\" src=\"/courses_lesson/images/14.jpg\" style=\"width: 636px; height: 1000px;\" /><img alt=\"\" src=\"/courses_lesson/images/15.jpg\" style=\"width: 638px; height: 1000px;\" /><img alt=\"\" src=\"/courses_lesson/images/16.jpg\" style=\"width: 639px; height: 1000px;\" /><img alt=\"\" src=\"/courses_lesson/images/17.jpg\" style=\"width: 636px; height: 1000px;\" /><img alt=\"\" src=\"/courses_lesson/images/18.jpg\" style=\"width: 633px; height: 1000px;\" /><img alt=\"\" src=\"/courses_lesson/images/19.jpg\" style=\"width: 634px; height: 1000px;\" /><img alt=\"\" src=\"/courses_lesson/images/20.jpg\" style=\"width: 638px; height: 1000px;\" /><img alt=\"\" src=\"/courses_lesson/images/21.jpg\" style=\"width: 632px; height: 1000px;\" /><img alt=\"\" src=\"/courses_lesson/images/22.jpg\" style=\"width: 635px; height: 1000px;\" /><img alt=\"\" src=\"/courses_lesson/images/23.jpg\" style=\"width: 634px; height: 1000px;\" /><img alt=\"\" src=\"/courses_lesson/images/24.jpg\" style=\"width: 638px; height: 1000px;\" /><img alt=\"\" src=\"/courses_lesson/images/25.jpg\" style=\"width: 630px; height: 1000px;\" /><img alt=\"\" src=\"/courses_lesson/images/26.jpg\" style=\"width: 639px; height: 1000px;\" /><img alt=\"\" src=\"/courses_lesson/images/27.jpg\" style=\"width: 632px; height: 1000px;\" /><img alt=\"\" src=\"/courses_lesson/images/28.jpg\" /><img alt=\"\" src=\"/courses_lesson/images/29.jpg\" style=\"width: 634px; height: 1000px;\" /><img alt=\"\" src=\"/courses_lesson/images/30.jpg\" style=\"width: 638px; height: 1000px;\" /><img alt=\"\" src=\"/courses_lesson/images/31.jpg\" style=\"width: 634px; height: 1000px;\" /><img alt=\"\" src=\"/courses_lesson/images/32.jpg\" style=\"width: 634px; height: 1000px;\" /></p>\r\n',NULL,NULL),
(34,3,'Noorani Qaida Lesson 1','This is the first lesson from the Noorani Qaida','<p style=\"text-align: center;\">\r\n	<img alt=\"\" src=\"/courses_lesson/files/Norani Qaida0003.jpg\" style=\"width: 499px; height: 725px;\" /></p>\r\n',NULL,NULL),
(35,3,'Noorani Qaida Lesson 2','This is the second lesson from the Noorani Qaida','<p style=\"text-align: center;\">\r\n	<img alt=\"\" src=\"/courses_lesson/files/Norani Qaida0004.jpg\" /></p>\r\n',NULL,NULL),
(36,3,'Noorani Qaida Lesson 3','This is the third lesson from the Noorani Qaida','<p style=\"text-align: center;\">\r\n	<img alt=\"\" src=\"/courses_lesson/files/Norani Qaida0005.jpg\" /></p>\r\n',NULL,NULL),
(37,3,'Noorani Qaida Lesson 4','This is the forth lesson from the Noorani Qaida','<p style=\"text-align: center;\">\r\n	<img alt=\"\" src=\"/courses_lesson/files/Norani Qaida0006.jpg\" /></p>\r\n',NULL,NULL),
(38,3,'Noorani Qaida Lesson 5','This is the fifth lesson from the Noorani Qaida','<p style=\"text-align: center;\">\r\n	<img alt=\"\" src=\"/courses_lesson/files/Norani Qaida0007.jpg\" /></p>\r\n',NULL,NULL),
(39,3,'Noorani Qaida Lesson 6','This is the sixth lesson from the Noorani Qaida','<p style=\"text-align: center;\">\r\n	<img alt=\"\" src=\"/courses_lesson/files/Norani Qaida0008.jpg\" /></p>\r\n',NULL,NULL),
(40,3,'Noorani Qaida Lesson 7','This is the seventh lesson from the Noorani Qaida','<p style=\"text-align: center;\">\r\n	<img alt=\"\" src=\"/courses_lesson/files/Norani Qaida0009.jpg\" /></p>\r\n',NULL,NULL),
(41,3,'Noorani Qaida Lesson 8','This is the eighth lesson from the Noorani Qaida','<p style=\"text-align: center;\">\r\n	<img alt=\"\" src=\"/courses_lesson/files/Norani Qaida0010.jpg\" /></p>\r\n',NULL,NULL),
(42,3,'Noorani Qaida Lesson 9','This is the ninth lesson from the Noorani Qaida','<p style=\"text-align: center;\">\r\n	<img alt=\"\" src=\"/courses_lesson/files/Norani Qaida0011.jpg\" /></p>\r\n',NULL,NULL),
(43,3,'Noorani Qaida Lesson 10','This is the tenth lesson from the Noorani Qaida','<p style=\"text-align: center;\">\r\n	<img alt=\"\" src=\"/courses_lesson/files/Norani Qaida0012.jpg\" /></p>\r\n',NULL,NULL),
(44,3,'Noorani Qaida Lesson 11','This is the eleventh lesson from the Noorani Qaida','<p style=\"text-align: center;\">\r\n	<img alt=\"\" src=\"/courses_lesson/files/Norani Qaida0013.jpg\" /></p>\r\n',NULL,NULL),
(45,3,'Noorani Qaida Lesson 12','This is the twelfth lesson from the Noorani Qaida','<p style=\"text-align: center;\">\r\n	<img alt=\"\" src=\"/courses_lesson/files/Norani Qaida0014.jpg\" /></p>\r\n',NULL,NULL),
(46,3,'Noorani Qaida Lesson 13','This is the thirteenth lesson from the Noorani Qaida','<p style=\"text-align: center;\">\r\n	<img alt=\"\" src=\"/courses_lesson/files/Norani Qaida0015.jpg\" /></p>\r\n',NULL,NULL),
(47,3,'Noorani Qaida Lesson 14','This is the fourteenth lesson from the Noorani Qaida','<p style=\"text-align: center;\">\r\n	<img alt=\"\" src=\"/courses_lesson/files/Norani Qaida0016.jpg\" /></p>\r\n',NULL,NULL),
(48,3,'Noorani Qaida Lesson 15','This is the fifteenth lesson from the Noorani Qaida','<p style=\"text-align: center;\">\r\n	<img alt=\"\" src=\"/courses_lesson/files/Norani Qaida0017.jpg\" /></p>\r\n',NULL,NULL),
(49,3,'Noorani Qaida Lesson 16','This is the sixteenth lesson from the Noorani Qaida','<p>\r\n	<img alt=\"\" src=\"/courses_lesson/files/Norani Qaida0018.jpg\" /></p>\r\n',NULL,NULL),
(50,3,'Noorani Qaida Lesson 17','This is the seventeenth lesson from the Noorani Qaida','<p style=\"text-align: center;\">\r\n	<img alt=\"\" src=\"/courses_lesson/files/Norani Qaida0019.jpg\" /></p>\r\n',NULL,NULL),
(51,3,'Noorani Qaida Lesson 18','This is the eighteenth lesson from the Noorani Qaida','<p style=\"text-align: center;\">\r\n	<img alt=\"\" src=\"/courses_lesson/files/Norani Qaida0020.jpg\" /></p>\r\n',NULL,NULL),
(52,3,'Noorani Qaida Lesson 19','This is the nineteenth lesson from the Noorani Qaida','<p style=\"text-align: center;\">\r\n	<img alt=\"\" src=\"/courses_lesson/files/Norani Qaida0021.jpg\" /></p>\r\n',NULL,NULL),
(53,3,'Noorani Qaida Lesson 20','This is the twenth lesson from the Noorani Qaida','<p style=\"text-align: center;\">\r\n	<img alt=\"\" src=\"/courses_lesson/files/Norani Qaida0022.jpg\" /></p>\r\n',NULL,NULL),
(54,3,'Noorani Qaida Lesson 21','This is the twenty first lesson from the Noorani Qaida','<p style=\"text-align: center;\">\r\n	<img alt=\"\" src=\"/courses_lesson/files/Norani Qaida0023.jpg\" /></p>\r\n',NULL,NULL),
(55,3,'Noorani Qaida Lesson 22','This is the twenty second lesson from the Noorani Qaida','<p style=\"text-align: center;\">\r\n	<img alt=\"\" src=\"/courses_lesson/files/Norani Qaida0024.jpg\" /></p>\r\n',NULL,NULL),
(56,3,'Noorani Qaida Lesson 23','This is the twenty third lesson from the Noorani Qaida','<p style=\"text-align: center;\">\r\n	<img alt=\"\" src=\"/courses_lesson/files/Norani Qaida0025.jpg\" /></p>\r\n',NULL,NULL),
(57,3,'Noorani Qaida Lesson 24','This is the twenty fourth lesson from the Noorani Qaida','<p style=\"text-align: center;\">\r\n	<img alt=\"\" src=\"/courses_lesson/files/Norani Qaida0026.jpg\" /></p>\r\n',NULL,NULL),
(58,3,'Noorani Qaida Lesson 25','This is the twenty fifth lesson from the Noorani Qaida','<p style=\"text-align: center;\">\r\n	<img alt=\"\" src=\"/courses_lesson/files/Norani Qaida0027.jpg\" /></p>\r\n',NULL,NULL),
(59,3,'Noorani Qaida Lesson 26','This is the twenty sixth lesson from the Noorani Qaida','<p style=\"text-align: center;\">\r\n	<img alt=\"\" src=\"/courses_lesson/files/Norani Qaida0028.jpg\" /></p>\r\n',NULL,NULL),
(60,3,'Noorani Qaida Lesson 27','This is the twenty seventh lesson from the Noorani Qaida','<p style=\"text-align: center;\">\r\n	<img alt=\"\" src=\"/courses_lesson/files/Norani Qaida0029.jpg\" /></p>\r\n',NULL,NULL),
(61,3,'Noorani Qaida Lesson 28','This is the twenty eighth lesson from the Noorani Qaida','<p style=\"text-align: center;\">\r\n	<img alt=\"\" src=\"/courses_lesson/files/Norani Qaida0030.jpg\" /></p>\r\n',NULL,NULL),
(62,3,'Noorani Qaida Lesson 29','This is the twenty ninth lesson from the Noorani Qaida','<p style=\"text-align: center;\">\r\n	<img alt=\"\" src=\"/courses_lesson/files/Norani Qaida0031.jpg\" /></p>\r\n',NULL,NULL),
(63,3,'Noorani Qaida Lesson 30','This is the thirtieth lesson from the Noorani Qaida','<p style=\"text-align: center;\">\r\n	<img alt=\"\" src=\"/courses_lesson/files/Norani Qaida0032.jpg\" /></p>\r\n',NULL,NULL),
(64,3,'Noorani Qaida Lesson 31','This is the thirty first lesson from the Noorani Qaida','<p style=\"text-align: center;\">\r\n	<img alt=\"\" src=\"/courses_lesson/files/Norani Qaida0033.jpg\" /></p>\r\n',NULL,NULL),
(65,3,'Noorani Qaida Lesson 32','This is the thirty second lesson from the Noorani Qaida','<p style=\"text-align: center;\">\r\n	<img alt=\"\" src=\"/courses_lesson/files/Norani Qaida0034.jpg\" /></p>\r\n',NULL,NULL),
(66,3,'Noorani Qaida Lesson 33','This is the thirty third lesson from the Noorani Qaida','<p style=\"text-align: center;\">\r\n	<img alt=\"\" src=\"/courses_lesson/files/Norani Qaida0035.jpg\" /></p>\r\n',NULL,NULL),
(67,3,'Noorani Qaida Lesson 34','This is the thirty fourth lesson from the Noorani Qaida','<p style=\"text-align: center;\">\r\n	<img alt=\"\" src=\"/courses_lesson/files/Norani Qaida0036.jpg\" /></p>\r\n',NULL,NULL),
(68,3,'Complete Noorani Qaida','This contains all the tablets from the Noorani Qaida','<p style=\"text-align: center;\">\r\n	<img alt=\"\" src=\"/courses_lesson/files/Norani Qaida0003.jpg\" style=\"width: 499px; height: 725px;\" /><img alt=\"\" src=\"/courses_lesson/files/Norani Qaida0004.jpg\" style=\"width: 499px; height: 720px;\" /><img alt=\"\" src=\"/courses_lesson/files/Norani Qaida0005.jpg\" style=\"width: 499px; height: 720px;\" /><img alt=\"\" src=\"/courses_lesson/files/Norani Qaida0006.jpg\" style=\"width: 499px; height: 720px;\" /><img alt=\"\" src=\"/courses_lesson/files/Norani Qaida0007.jpg\" style=\"width: 499px; height: 720px;\" /><img alt=\"\" src=\"/courses_lesson/files/Norani Qaida0008.jpg\" style=\"width: 499px; height: 725px;\" /><img alt=\"\" src=\"/courses_lesson/files/Norani Qaida0009.jpg\" style=\"width: 499px; height: 720px;\" /><img alt=\"\" src=\"/courses_lesson/files/Norani Qaida0010.jpg\" style=\"width: 499px; height: 720px;\" /><img alt=\"\" src=\"/courses_lesson/files/Norani Qaida0011.jpg\" style=\"width: 499px; height: 720px;\" /><img alt=\"\" src=\"/courses_lesson/files/Norani Qaida0012.jpg\" style=\"width: 499px; height: 720px;\" /><img alt=\"\" src=\"/courses_lesson/files/Norani Qaida0013.jpg\" style=\"width: 499px; height: 720px;\" /><img alt=\"\" src=\"/courses_lesson/files/Norani Qaida0014.jpg\" style=\"width: 499px; height: 720px;\" /><img alt=\"\" src=\"/courses_lesson/files/Norani Qaida0015.jpg\" style=\"width: 499px; height: 720px;\" /><img alt=\"\" src=\"/courses_lesson/files/Norani Qaida0016.jpg\" style=\"width: 499px; height: 720px;\" /><img alt=\"\" src=\"/courses_lesson/files/Norani Qaida0017.jpg\" style=\"width: 499px; height: 720px;\" /><img alt=\"\" src=\"/courses_lesson/files/Norani Qaida0018.jpg\" style=\"width: 499px; height: 720px;\" /><img alt=\"\" src=\"/courses_lesson/files/Norani Qaida0019.jpg\" style=\"width: 499px; height: 720px;\" /><img alt=\"\" src=\"/courses_lesson/files/Norani Qaida0020.jpg\" style=\"width: 499px; height: 720px;\" /><img alt=\"\" src=\"/courses_lesson/files/Norani Qaida0021.jpg\" style=\"width: 499px; height: 720px;\" /><img alt=\"\" src=\"/courses_lesson/files/Norani Qaida0022.jpg\" style=\"width: 499px; height: 720px;\" /><img alt=\"\" src=\"/courses_lesson/files/Norani Qaida0023.jpg\" style=\"width: 499px; height: 720px;\" /><img alt=\"\" src=\"/courses_lesson/files/Norani Qaida0024.jpg\" style=\"width: 499px; height: 720px;\" /><img alt=\"\" src=\"/courses_lesson/files/Norani Qaida0025.jpg\" /><img alt=\"\" src=\"/courses_lesson/files/Norani Qaida0026.jpg\" style=\"width: 499px; height: 720px;\" /><img alt=\"\" src=\"/courses_lesson/files/Norani Qaida0027.jpg\" style=\"width: 499px; height: 720px;\" /><img alt=\"\" src=\"/courses_lesson/files/Norani Qaida0028.jpg\" style=\"width: 499px; height: 720px;\" /><img alt=\"\" src=\"/courses_lesson/files/Norani Qaida0029.jpg\" /><img alt=\"\" src=\"/courses_lesson/files/Norani Qaida0030.jpg\" style=\"width: 499px; height: 720px;\" /><img alt=\"\" src=\"/courses_lesson/files/Norani Qaida0031.jpg\" style=\"width: 499px; height: 720px;\" /><img alt=\"\" src=\"/courses_lesson/files/Norani Qaida0032.jpg\" style=\"width: 499px; height: 720px;\" /><img alt=\"\" src=\"/courses_lesson/files/Norani Qaida0033.jpg\" style=\"width: 499px; height: 720px;\" /><img alt=\"\" src=\"/courses_lesson/files/Norani Qaida0034.jpg\" style=\"width: 499px; height: 720px;\" /><img alt=\"\" src=\"/courses_lesson/files/Norani Qaida0035.jpg\" style=\"width: 499px; height: 720px;\" /><img alt=\"\" src=\"/courses_lesson/files/Norani Qaida0036.jpg\" style=\"width: 499px; height: 720px;\" /></p>\r\n',NULL,NULL),
(69,2,'Advance Tajweed Lesson 1','This is the 1st lesson on Advance Tajweed','<p style=\"text-align: center; \">\r\n	<img alt=\"\" src=\"/courses_lesson/images/Adtajweed/TjAdvance12.jpg\" /></p>\r\n',NULL,NULL),
(70,2,'Advance Tajweed Lesson 2','This is the 2nd lesson of Advance Tajweed','<p style=\"text-align: center; \">\r\n	<img alt=\"\" src=\"/courses_lesson/images/Adtajweed/TjAdvance13.jpg\" /></p>\r\n',NULL,NULL),
(71,2,'Advance Tajweed Lesson 3','This is the 3rd lesson of Advance Tajweed','<p style=\"text-align: center; \">\r\n	<img alt=\"\" src=\"/courses_lesson/images/Adtajweed/TjAdvance14.jpg\" /></p>\r\n',NULL,NULL),
(72,2,'Advance Tajweed Lesson 4','This is the 4th lesson of Advance Tajweed','<p style=\"text-align: center; \">\r\n	<img alt=\"\" src=\"/courses_lesson/images/Adtajweed/TjAdvance15.jpg\" /></p>\r\n',NULL,NULL),
(73,2,'Advance Tajweed Lesson 5','This is the 5th lesson of Advance Tajweed','<p style=\"text-align: center; \">\r\n	<img alt=\"\" src=\"/courses_lesson/images/Adtajweed/TjAdvance16.jpg\" /></p>\r\n',NULL,NULL),
(74,2,'Advance Tajweed Lesson 6','This is the 6th lesson of Advance Tajweed','<p style=\"text-align: center; \">\r\n	<img alt=\"\" src=\"/courses_lesson/images/Adtajweed/TjAdvance17.jpg\" /></p>\r\n',NULL,NULL),
(75,2,'Advance Tajweed Lesson 7','This is the 7th lesson of Advance Tajweed','<p style=\"text-align: center; \">\r\n	<img alt=\"\" src=\"/courses_lesson/images/Adtajweed/TjAdvance18.jpg\" /></p>\r\n',NULL,NULL),
(76,2,'Advance Tajweed Lesson 8','This is the 8th lesson of Advance Tajweed','<p style=\"text-align: center; \">\r\n	<img alt=\"\" src=\"/courses_lesson/images/Adtajweed/TjAdvance19.jpg\" /></p>\r\n',NULL,NULL),
(77,2,'Advance Tajweed Lesson 9','This is the 9th lesson of Advance Tajweed','<p style=\"text-align: center; \">\r\n	<img alt=\"\" src=\"/courses_lesson/images/Adtajweed/TjAdvance20.jpg\" /></p>\r\n',NULL,NULL),
(78,2,'Advance Tajweed Lesson 10','This is the 10th lesson of Advance Tajweed','<p style=\"text-align: center; \">\r\n	<img alt=\"\" src=\"/courses_lesson/images/Adtajweed/TjAdvance21.jpg\" /></p>\r\n',NULL,NULL),
(79,2,'Advance Tajweed Lesson 11','This is the 11th lesson of Advance Tajweed','<p style=\"text-align: center; \">\r\n	<img alt=\"\" src=\"/courses_lesson/images/Adtajweed/TjAdvance22.jpg\" /></p>\r\n',NULL,NULL),
(80,2,'Advance Tajweed Lesson 12','This is the 12th lesson of Advance Tajweed','<p style=\"text-align: center; \">\r\n	<img alt=\"\" src=\"/courses_lesson/images/Adtajweed/TjAdvance23.jpg\" /></p>\r\n',NULL,NULL),
(81,2,'Advance Tajweed Lesson 13','This is the 13th lesson of Advance Tajweed','<p>\r\n	<img alt=\"\" src=\"/courses_lesson/images/Adtajweed/TjAdvance24.jpg\" /></p>\r\n',NULL,NULL),
(82,2,'Advance Tajweed Lesson 14','This is the 14th lesson of Advance Tajweed','<p style=\"text-align: center; \">\r\n	<img alt=\"\" src=\"/courses_lesson/images/Adtajweed/TjAdvance25.jpg\" /></p>\r\n',NULL,NULL),
(83,2,'Advance Tajweed Lesson 15','This is the 15th lesson of Advance Tajweed','<p style=\"text-align: center; \">\r\n	<img alt=\"\" src=\"/courses_lesson/images/Adtajweed/TjAdvance26.jpg\" /></p>\r\n',NULL,NULL),
(84,2,'Advance Tajweed Lesson 16','This is the 16th lesson of Advance Tajweed','<p style=\"text-align: center; \">\r\n	<img alt=\"\" src=\"/courses_lesson/images/Adtajweed/TjAdvance27.jpg\" /></p>\r\n',NULL,NULL),
(85,2,'Advance Tajweed Lesson 17','This is the 17th lesson of Advance Tajweed','<p style=\"text-align: center; \">\r\n	<img alt=\"\" src=\"/courses_lesson/images/Adtajweed/TjAdvance28.jpg\" /></p>\r\n',NULL,NULL),
(86,2,'Advance Tajweed Lesson 18','This is the 18th lesson of Advance Tajweed','<p style=\"text-align: center; \">\r\n	<img alt=\"\" src=\"/courses_lesson/images/Adtajweed/TjAdvance29.jpg\" style=\"width: 770px; height: 1200px; \" /></p>\r\n',NULL,NULL),
(87,2,'Advance Tajweed Lesson 19','This is the 19th lesson of Advance Tajweed','<p style=\"text-align: center; \">\r\n	<img alt=\"\" src=\"/courses_lesson/images/Adtajweed/TjAdvance30.jpg\" /></p>\r\n',NULL,NULL),
(88,2,'Advance Tajweed Lesson 20','This is the 20th lesson of Advance Tajweed','<p style=\"text-align: center; \">\r\n	<img alt=\"\" src=\"/courses_lesson/images/Adtajweed/TjAdvance31.jpg\" /></p>\r\n',NULL,NULL),
(89,2,'Advance Tajweed Lesson 21','This is the 21st lesson of Advance Tajweed','<p style=\"text-align: center; \">\r\n	<img alt=\"\" src=\"/courses_lesson/images/Adtajweed/TjAdvance32.jpg\" /></p>\r\n',NULL,NULL),
(90,2,'Advance Tajweed Lesson 22','This is the 22nd lesson of Advance Tajweed','<p style=\"text-align: center; \">\r\n	<img alt=\"\" src=\"/courses_lesson/images/Adtajweed/TjAdvance33.jpg\" /></p>\r\n',NULL,NULL),
(91,2,'Advance Tajweed Lesson 23','This is the 23rd lesson of Advance Tajweed','<p style=\"text-align: center; \">\r\n	<img alt=\"\" src=\"/courses_lesson/images/Adtajweed/TjAdvance34.jpg\" /></p>\r\n',NULL,NULL),
(92,2,'Advance Tajweed Lesson 24','This is the 24th lesson of Advance Tajweed','<p style=\"text-align: center; \">\r\n	<img alt=\"\" src=\"/courses_lesson/images/Adtajweed/TjAdvance35.jpg\" /></p>\r\n',NULL,NULL),
(93,2,'Advance Tajweed Lesson 25','This is the 25th lesson of Advance Tajweed','<p style=\"text-align: center; \">\r\n	<img alt=\"\" src=\"/courses_lesson/images/Adtajweed/TjAdvance36.jpg\" /></p>\r\n',NULL,NULL),
(94,2,'Complete Tajweed Lesson','This contains all the lessons from the Arabic Tajweed book','<p style=\"text-align: center;\">\r\n	<img alt=\"\" src=\"/courses_lesson/images/Adtajweed/TjAdvance12.jpg\" /><img alt=\"\" src=\"/courses_lesson/images/Adtajweed/TjAdvance13.jpg\" /><img alt=\"\" src=\"/courses_lesson/images/Adtajweed/TjAdvance14.jpg\" /><img alt=\"\" src=\"/courses_lesson/images/Adtajweed/TjAdvance15.jpg\" /><img alt=\"\" src=\"/courses_lesson/images/Adtajweed/TjAdvance16.jpg\" /><img alt=\"\" src=\"/courses_lesson/images/Adtajweed/TjAdvance17.jpg\" style=\"width: 773px; height: 1200px;\" /><img alt=\"\" src=\"/courses_lesson/images/Adtajweed/TjAdvance18.jpg\" /><img alt=\"\" src=\"/courses_lesson/images/Adtajweed/TjAdvance19.jpg\" style=\"width: 750px; height: 1200px;\" /><img alt=\"\" src=\"/courses_lesson/images/Adtajweed/TjAdvance20.jpg\" /><img alt=\"\" src=\"/courses_lesson/images/Adtajweed/TjAdvance21.jpg\" /><img alt=\"\" src=\"/courses_lesson/images/Adtajweed/TjAdvance22.jpg\" /><img alt=\"\" src=\"/courses_lesson/images/Adtajweed/TjAdvance23.jpg\" /><img alt=\"\" src=\"/courses_lesson/images/Adtajweed/TjAdvance24.jpg\" /><img alt=\"\" src=\"/courses_lesson/images/Adtajweed/TjAdvance25.jpg\" /><img alt=\"\" src=\"/courses_lesson/images/Adtajweed/TjAdvance26.jpg\" /><img alt=\"\" src=\"/courses_lesson/images/Adtajweed/TjAdvance27.jpg\" /><img alt=\"\" src=\"/courses_lesson/images/Adtajweed/TjAdvance28.jpg\" /><img alt=\"\" src=\"/courses_lesson/images/Adtajweed/TjAdvance29.jpg\" /><img alt=\"\" src=\"/courses_lesson/images/Adtajweed/TjAdvance30.jpg\" /><img alt=\"\" src=\"/courses_lesson/images/Adtajweed/TjAdvance31.jpg\" style=\"width: 766px; height: 1200px;\" /><img alt=\"\" src=\"/courses_lesson/images/Adtajweed/TjAdvance32.jpg\" /><img alt=\"\" src=\"/courses_lesson/images/Adtajweed/TjAdvance33.jpg\" /><img alt=\"\" src=\"/courses_lesson/images/Adtajweed/TjAdvance34.jpg\" /><img alt=\"\" src=\"/courses_lesson/images/Adtajweed/TjAdvance35.jpg\" style=\"width: 762px; height: 1200px;\" /><img alt=\"\" src=\"/courses_lesson/images/Adtajweed/TjAdvance36.jpg\" style=\"width: 753px; height: 1200px;\" /></p>\r\n',NULL,NULL),
(95,2,'Advance Tajweed Lesson 26','This is the 26th lesson of Advance Tajweed','<p>\r\n	<img alt=\"\" src=\"/courses_lesson/images/Adtajweed/TjAdvance37.jpg\" /></p>\r\n',NULL,NULL),
(96,2,'Advance Tajweed Lesson 27','This is the 27th lesson of Advance Tajweed','<p>\r\n	<img alt=\"\" src=\"/courses_lesson/images/Adtajweed/TjAdvance38.jpg\" /></p>\r\n',NULL,NULL),
(97,2,'Advance Tajweed Lesson 28','This is the 28th lesson of Advance Tajweed','<p>\r\n	<img alt=\"\" src=\"/courses_lesson/images/Adtajweed/TjAdvance39.jpg\" /></p>\r\n',NULL,NULL),
(98,2,'Advance Tajweed Lesson 29','This is the 29th lesson of Advance Tajweed','<p>\r\n	<img alt=\"\" src=\"/courses_lesson/images/Adtajweed/TjAdvance40.jpg\" /></p>\r\n',NULL,NULL),
(99,2,'Advance Tajweed Lesson 30','This is the 30th lesson of Advance Tajweed','<p>\r\n	<img alt=\"\" src=\"/courses_lesson/images/Adtajweed/TjAdvance41.jpg\" /></p>\r\n',NULL,NULL),
(100,2,'Advance Tajweed Lesson 31','This is the 31st lesson of Advance Tajweed','<p>\r\n	<img alt=\"\" src=\"/courses_lesson/images/Adtajweed/TjAdvance42.jpg\" /></p>\r\n',NULL,NULL),
(101,2,'Advance Tajweed Lesson 32','This is the 32nd lesson of Advance Tajweed','<p>\r\n	<img alt=\"\" src=\"/courses_lesson/images/Adtajweed/TjAdvance43.jpg\" /></p>\r\n',NULL,NULL),
(102,2,'Advance Tajweed Lesson 33','This is the 33rd lesson of Advance Tajweed','<p>\r\n	<img alt=\"\" src=\"/courses_lesson/images/Adtajweed/TjAdvance44.jpg\" style=\"width: 789px; height: 1200px; \" /></p>\r\n',NULL,NULL),
(103,2,'Advance Tajweed Lesson 34','This is the 34th lesson of Advance Tajweed','<p>\r\n	<img alt=\"\" src=\"/courses_lesson/images/Adtajweed/TjAdvance45.jpg\" /></p>\r\n',NULL,NULL),
(104,2,'Advance Tajweed Lesson 35','This is the 35th lesson of Advance Tajweed','<p>\r\n	<img alt=\"\" src=\"/courses_lesson/images/Adtajweed/TjAdvance46.jpg\" /></p>\r\n',NULL,NULL),
(105,2,'Advance Tajweed Lesson 36','This is the 36th lesson of Advance Tajweed','<p>\r\n	<img alt=\"\" src=\"/courses_lesson/images/Adtajweed/TjAdvance47.jpg\" /></p>\r\n',NULL,NULL),
(106,2,'Advance Tajweed Lesson 37','This is the 37th lesson of Advance Tajweed','<p>\r\n	<img alt=\"\" src=\"/courses_lesson/images/Adtajweed/TjAdvance48.jpg\" /></p>\r\n',NULL,NULL),
(107,2,'Advance Tajweed Lesson 38','This is the 38th lesson of Advance Tajweed','<p>\r\n	<img alt=\"\" src=\"/courses_lesson/images/Adtajweed/TjAdvance49.jpg\" /></p>\r\n',NULL,NULL),
(108,2,'Advance Tajweed Lesson 39','This is the 39th lesson of Advance Tajweed','<p>\r\n	<img alt=\"\" src=\"/courses_lesson/images/Adtajweed/TjAdvance50.jpg\" /></p>\r\n',NULL,NULL),
(110,5,'Juz 1','1st Juz','<p>\r\n	&nbsp;</p>\r\n<p style=\"text-align: center; \">\r\n	<img alt=\"\" src=\"/courses_lesson/files/HQUsmani/juz1/2.jpg\" /><img alt=\"\" src=\"/courses_lesson/files/HQUsmani/juz1/3.jpg\" /><img alt=\"\" src=\"/courses_lesson/files/HQUsmani/juz1/4.jpg\" /><img alt=\"\" src=\"/courses_lesson/files/HQUsmani/juz1/5.jpg\" /><img alt=\"\" src=\"/courses_lesson/files/HQUsmani/juz1/6.jpg\" /><img alt=\"\" src=\"/courses_lesson/files/HQUsmani/juz1/7.jpg\" /><img alt=\"\" src=\"/courses_lesson/files/HQUsmani/juz1/8.jpg\" /><img alt=\"\" src=\"/courses_lesson/files/HQUsmani/juz1/9.jpg\" /><img alt=\"\" src=\"/courses_lesson/files/HQUsmani/juz1/10.jpg\" /><img alt=\"\" src=\"/courses_lesson/files/HQUsmani/juz1/11.jpg\" /><img alt=\"\" src=\"/courses_lesson/files/HQUsmani/juz1/12.jpg\" /><img alt=\"\" src=\"/courses_lesson/files/HQUsmani/juz1/13.jpg\" /><img alt=\"\" src=\"/courses_lesson/files/HQUsmani/juz1/14.jpg\" /><img alt=\"\" src=\"/courses_lesson/files/HQUsmani/juz1/15.jpg\" /><img alt=\"\" src=\"/courses_lesson/files/HQUsmani/juz1/16.jpg\" /><img alt=\"\" src=\"/courses_lesson/files/HQUsmani/juz1/17.jpg\" /><img alt=\"\" src=\"/courses_lesson/files/HQUsmani/juz1/18.jpg\" /><img alt=\"\" src=\"/courses_lesson/files/HQUsmani/juz1/19.jpg\" /><img alt=\"\" src=\"/courses_lesson/files/HQUsmani/juz1/20.jpg\" /><img alt=\"\" src=\"/courses_lesson/files/HQUsmani/juz1/21.jpg\" /><img alt=\"\" src=\"/courses_lesson/files/HQUsmani/juz1/22.jpg\" style=\"width: 510px; height: 753px;\" /><img alt=\"\" src=\"/courses_lesson/files/HQUsmani/juz1/23.jpg\" style=\"width: 510px; height: 753px;\" /><img alt=\"\" src=\"/courses_lesson/files/HQUsmani/juz1/24.jpg\" /><img alt=\"\" src=\"/courses_lesson/files/HQUsmani/juz1/25.jpg\" /><img alt=\"\" src=\"/courses_lesson/files/HQUsmani/juz1/26.jpg\" style=\"width: 510px; height: 753px;\" /><img alt=\"\" src=\"/courses_lesson/files/HQUsmani/juz1/27.jpg\" /><img alt=\"\" src=\"/courses_lesson/files/HQUsmani/juz1/28.jpg\" /></p>\r\n',NULL,NULL),
(111,6,'Qaida Lesson 1','1st Lesson','<p style=\"text-align: center;\">\r\n	<img alt=\"\" src=\"/courses_lesson/files/qaidaenglish/les-1a.jpg\" /><img alt=\"\" src=\"/courses_lesson/files/qaidaenglish/les-1b.jpg\" /></p>\r\n',NULL,NULL),
(112,6,'Qaida Lesson 2','2nd Lesson','<p style=\"text-align: center; \">\r\n	<img alt=\"\" src=\"/courses_lesson/files/qaidaenglish/les-2.jpg\" style=\"width: 500px; height: 688px; \" /></p>\r\n',NULL,NULL),
(113,6,'Qaida Lesson 3','3rd Lesson','<p style=\"text-align: center; \">\r\n	<img alt=\"\" src=\"/courses_lesson/files/qaidaenglish/les-3a.jpg\" /><img alt=\"\" src=\"/courses_lesson/files/qaidaenglish/les-3b.jpg\" style=\"width: 500px; height: 688px; \" /></p>\r\n',NULL,NULL),
(114,6,'Qaida Lesson 4','4th Lesson','<p style=\"text-align: center; \">\r\n	<img alt=\"\" src=\"/courses_lesson/files/qaidaenglish/les-4a.jpg\" /><img alt=\"\" src=\"/courses_lesson/files/qaidaenglish/les-4b.jpg\" /></p>\r\n',NULL,NULL),
(115,6,'Qaida Lesson 5','5th Lesson','<p style=\"text-align: center; \">\r\n	<img alt=\"\" src=\"/courses_lesson/files/qaidaenglish/les-5a.jpg\" style=\"width: 500px; height: 688px; \" /><img alt=\"\" src=\"/courses_lesson/files/qaidaenglish/les-5b.jpg\" style=\"width: 500px; height: 688px; \" /></p>\r\n',NULL,NULL),
(116,6,'Qaida Lesson 6','6th Lesson','<p style=\"text-align: center; \">\r\n	<img alt=\"\" src=\"/courses_lesson/files/qaidaenglish/les-6a.jpg\" style=\"width: 500px; height: 688px; \" /><img alt=\"\" src=\"/courses_lesson/files/qaidaenglish/les-6b.jpg\" /></p>\r\n',NULL,NULL),
(117,6,'Qaida Lesson 7','7th Lesson','<p style=\"text-align: center; \">\r\n	<img alt=\"\" src=\"/courses_lesson/files/qaidaenglish/les-7a.jpg\" style=\"width: 500px; height: 688px; \" /><img alt=\"\" src=\"/courses_lesson/files/qaidaenglish/les-7b.jpg\" /></p>\r\n',NULL,NULL),
(118,6,'Qaida Lesson 8','8th Lesson','<p style=\"text-align: center; \">\r\n	<img alt=\"\" src=\"/courses_lesson/files/qaidaenglish/les-8a.jpg\" style=\"width: 500px; height: 688px; \" /><img alt=\"\" src=\"/courses_lesson/files/qaidaenglish/les-8b.jpg\" /></p>\r\n',NULL,NULL),
(119,6,'Qaida Lesson 9','9th Lesson','<p style=\"text-align: center; \">\r\n	<img alt=\"\" src=\"/courses_lesson/files/qaidaenglish/les-9a.jpg\" style=\"width: 500px; height: 688px; \" /><img alt=\"\" src=\"/courses_lesson/files/qaidaenglish/les-9b.jpg\" /></p>\r\n',NULL,NULL),
(120,6,'Qaida Lesson 10','10th Lesson','<p style=\"text-align: center; \">\r\n	<img alt=\"\" src=\"/courses_lesson/files/qaidaenglish/les-10a.jpg\" /><img alt=\"\" src=\"/courses_lesson/files/qaidaenglish/les-10b.jpg\" style=\"width: 500px; height: 688px; \" /><img alt=\"\" src=\"/courses_lesson/files/qaidaenglish/les-10c.jpg\" style=\"width: 500px; height: 688px; \" /></p>\r\n',NULL,NULL),
(121,6,'Qaida Lesson 11','11th Lesson','<p style=\"text-align: center; \">\r\n	<img alt=\"\" src=\"/courses_lesson/files/qaidaenglish/les-11a.jpg\" /><img alt=\"\" src=\"/courses_lesson/files/qaidaenglish/les-11b.jpg\" style=\"width: 500px; height: 688px; \" /><img alt=\"\" src=\"/courses_lesson/files/qaidaenglish/les-11c.jpg\" /></p>\r\n',NULL,NULL),
(122,6,'Qaida Lesson 12','12th Lesson','<p style=\"text-align: center; \">\r\n	<img alt=\"\" src=\"/courses_lesson/files/qaidaenglish/les-12a.jpg\" style=\"width: 500px; height: 688px; \" /><img alt=\"\" src=\"/courses_lesson/files/qaidaenglish/les-12b.jpg\" /><img alt=\"\" src=\"/courses_lesson/files/qaidaenglish/les-12c.jpg\" /></p>\r\n',NULL,NULL),
(123,6,'Qaida Lesson 13','13th Lesson','<p style=\"text-align: center; \">\r\n	<img alt=\"\" src=\"/courses_lesson/files/qaidaenglish/les-13a.jpg\" /><img alt=\"\" src=\"/courses_lesson/files/qaidaenglish/les-13b.jpg\" style=\"width: 500px; height: 688px; \" /><img alt=\"\" src=\"/courses_lesson/files/qaidaenglish/les-13c.jpg\" style=\"width: 500px; height: 688px; \" /></p>\r\n',NULL,NULL),
(124,6,'Qaida Lesson 14','14th Lesson','<p style=\"text-align: center; \">\r\n	<img alt=\"\" src=\"/courses_lesson/files/qaidaenglish/les-14a.jpg\" style=\"width: 500px; height: 688px; \" /><img alt=\"\" src=\"/courses_lesson/files/qaidaenglish/les-14b.jpg\" /></p>\r\n',NULL,NULL),
(125,6,'Qaida Lesson 15','15th Lesson','<p style=\"text-align: center; \">\r\n	<img alt=\"\" src=\"/courses_lesson/files/qaidaenglish/les-15a.jpg\" /><img alt=\"\" src=\"/courses_lesson/files/qaidaenglish/les-15b.jpg\" /></p>\r\n',NULL,NULL),
(126,6,'Qaida Lesson 16','16th Lesson','<p style=\"text-align: center; \">\r\n	<img alt=\"\" src=\"/courses_lesson/files/qaidaenglish/les-16a.jpg\" style=\"width: 500px; height: 688px; \" /><img alt=\"\" src=\"/courses_lesson/files/qaidaenglish/les-16b.jpg\" /></p>\r\n',NULL,NULL),
(127,6,'Qaida Lesson 17','17th Lesson','<p style=\"text-align: center; \">\r\n	<img alt=\"\" src=\"/courses_lesson/files/qaidaenglish/les-17a.jpg\" style=\"width: 500px; height: 688px; \" /><img alt=\"\" src=\"/courses_lesson/files/qaidaenglish/les-17b.jpg\" /></p>\r\n',NULL,NULL),
(128,6,'Qaida Lesson 18','18th Lesson','<p style=\"text-align: center; \">\r\n	<img alt=\"\" src=\"/courses_lesson/files/qaidaenglish/les-18a.jpg\" /><img alt=\"\" src=\"/courses_lesson/files/qaidaenglish/les-18b.jpg\" /></p>\r\n',NULL,NULL),
(129,6,'Qaida Lesson 19','19th Lesson','<p style=\"text-align: center; \">\r\n	<img alt=\"\" src=\"/courses_lesson/files/qaidaenglish/les-19a.jpg\" /><img alt=\"\" src=\"/courses_lesson/files/qaidaenglish/les-19b.jpg\" /></p>\r\n',NULL,NULL),
(130,6,'Qaida Lesson 20','20th Lesson','<p style=\"text-align: center; \">\r\n	<img alt=\"\" src=\"/courses_lesson/files/qaidaenglish/les-20a.jpg\" style=\"width: 500px; height: 688px; \" /><img alt=\"\" src=\"/courses_lesson/files/qaidaenglish/les-20b.jpg\" /></p>\r\n',NULL,NULL),
(131,6,'Qaida Lesson 21','21st Lesson','<p style=\"text-align: center; \">\r\n	<img alt=\"\" src=\"/courses_lesson/files/qaidaenglish/les-21a.jpg\" /><img alt=\"\" src=\"/courses_lesson/files/qaidaenglish/les-21b.jpg\" /></p>\r\n',NULL,NULL),
(132,6,'Qaida Lesson 22','22nd Lesson','<p style=\"text-align: center; \">\r\n	<img alt=\"\" src=\"/courses_lesson/files/qaidaenglish/les-22a.jpg\" style=\"width: 500px; height: 688px; \" /><img alt=\"\" src=\"/courses_lesson/files/qaidaenglish/les-22b.jpg\" style=\"width: 500px; height: 688px; \" /></p>\r\n',NULL,NULL),
(133,6,'Qaida Lesson 23','23rd Lesson','<p style=\"text-align: center; \">\r\n	<img alt=\"\" src=\"/courses_lesson/files/qaidaenglish/les-23a.jpg\" /><img alt=\"\" src=\"/courses_lesson/files/qaidaenglish/les-23b.jpg\" style=\"width: 500px; height: 688px; \" /><img alt=\"\" src=\"/courses_lesson/files/qaidaenglish/les-23c.jpg\" style=\"width: 500px; height: 688px; \" /><img alt=\"\" src=\"/courses_lesson/files/qaidaenglish/les-23d.jpg\" /><img alt=\"\" src=\"/courses_lesson/files/qaidaenglish/les-23e.jpg\" style=\"width: 500px; height: 688px; \" /></p>\r\n',NULL,NULL),
(134,6,'Qaida Lesson 24','24th Lesson','<p style=\"text-align: center; \">\r\n	<img alt=\"\" src=\"/courses_lesson/files/qaidaenglish/les-24a.jpg\" style=\"width: 500px; height: 688px; \" /><img alt=\"\" src=\"/courses_lesson/files/qaidaenglish/les-24b.jpg\" style=\"width: 500px; height: 688px; \" /><img alt=\"\" src=\"/courses_lesson/files/qaidaenglish/les-24c.jpg\" style=\"width: 500px; height: 688px; \" /><img alt=\"\" src=\"/courses_lesson/files/qaidaenglish/les-24d.jpg\" style=\"width: 500px; height: 688px; \" /></p>\r\n',NULL,NULL),
(135,6,'Qaida Lesson 25','25th Lesson','<p style=\"text-align: center; \">\r\n	<img alt=\"\" src=\"/courses_lesson/files/qaidaenglish/les-25a.jpg\" style=\"width: 500px; height: 688px; \" /><img alt=\"\" src=\"/courses_lesson/files/qaidaenglish/les-25b.jpg\" /></p>\r\n',NULL,NULL),
(136,5,'Juz 2','2nd Juz','<p style=\"text-align: center; \">\r\n	<img alt=\"\" src=\"/courses_lesson/files/HQUsmani/juz2/29.jpg\" /><img alt=\"\" src=\"/courses_lesson/files/HQUsmani/juz2/30.jpg\" /><img alt=\"\" src=\"/courses_lesson/files/HQUsmani/juz2/31.jpg\" style=\"width: 510px; height: 753px;\" /><img alt=\"\" src=\"/courses_lesson/files/HQUsmani/juz2/32.jpg\" style=\"width: 510px; height: 753px;\" /><img alt=\"\" src=\"/courses_lesson/files/HQUsmani/juz2/33.jpg\" /><img alt=\"\" src=\"/courses_lesson/files/HQUsmani/juz2/34.jpg\" /><img alt=\"\" src=\"/courses_lesson/files/HQUsmani/juz2/35.jpg\" /><img alt=\"\" src=\"/courses_lesson/files/HQUsmani/juz2/36.jpg\" /><img alt=\"\" src=\"/courses_lesson/files/HQUsmani/juz2/37.jpg\" /><img alt=\"\" src=\"/courses_lesson/files/HQUsmani/juz2/38.jpg\" /><img alt=\"\" src=\"/courses_lesson/files/HQUsmani/juz2/39.jpg\" /><img alt=\"\" src=\"/courses_lesson/files/HQUsmani/juz2/40.jpg\" /><img alt=\"\" src=\"/courses_lesson/files/HQUsmani/juz2/41.jpg\" /><img alt=\"\" src=\"/courses_lesson/files/HQUsmani/juz2/42.jpg\" /><img alt=\"\" src=\"/courses_lesson/files/HQUsmani/juz2/43.jpg\" /><img alt=\"\" src=\"/courses_lesson/files/HQUsmani/juz2/44.jpg\" /><img alt=\"\" src=\"/courses_lesson/files/HQUsmani/juz2/45.jpg\" /><img alt=\"\" src=\"/courses_lesson/files/HQUsmani/juz2/46.jpg\" /><img alt=\"\" src=\"/courses_lesson/files/HQUsmani/juz2/47.jpg\" /><img alt=\"\" src=\"/courses_lesson/files/HQUsmani/juz2/48.jpg\" /><img alt=\"\" src=\"/courses_lesson/files/HQUsmani/juz2/49.jpg\" /><img alt=\"\" src=\"/courses_lesson/files/HQUsmani/juz2/50.jpg\" /><img alt=\"\" src=\"/courses_lesson/files/HQUsmani/juz2/51.jpg\" /><img alt=\"\" src=\"/courses_lesson/files/HQUsmani/juz2/52.jpg\" /><img alt=\"\" src=\"/courses_lesson/files/HQUsmani/juz2/53.jpg\" /><img alt=\"\" src=\"/courses_lesson/files/HQUsmani/juz2/54.jpg\" /><img alt=\"\" src=\"/courses_lesson/files/HQUsmani/juz2/55.jpg\" /><img alt=\"\" src=\"/courses_lesson/files/HQUsmani/juz2/56.jpg\" /></p>\r\n',NULL,NULL),
(137,5,'Juz 3','3rd Juz','<p style=\"text-align: center; \">\r\n	<img alt=\"\" src=\"/courses_lesson/files/HQUsmani/juz3/57.JPG\" /><img alt=\"\" src=\"/courses_lesson/files/HQUsmani/juz3/58.JPG\" /><img alt=\"\" src=\"/courses_lesson/files/HQUsmani/juz3/59.JPG\" /><img alt=\"\" src=\"/courses_lesson/files/HQUsmani/juz3/60.JPG\" /><img alt=\"\" src=\"/courses_lesson/files/HQUsmani/juz3/61.JPG\" /><img alt=\"\" src=\"/courses_lesson/files/HQUsmani/juz3/62.JPG\" /><img alt=\"\" src=\"/courses_lesson/files/HQUsmani/juz3/63.JPG\" /><img alt=\"\" src=\"/courses_lesson/files/HQUsmani/juz3/64.JPG\" /><img alt=\"\" src=\"/courses_lesson/files/HQUsmani/juz3/65.JPG\" /><img alt=\"\" src=\"/courses_lesson/files/HQUsmani/juz3/66.JPG\" /><img alt=\"\" src=\"/courses_lesson/files/HQUsmani/juz3/67.JPG\" /><img alt=\"\" src=\"/courses_lesson/files/HQUsmani/juz3/68.JPG\" /><img alt=\"\" src=\"/courses_lesson/files/HQUsmani/juz3/69.JPG\" /><img alt=\"\" src=\"/courses_lesson/files/HQUsmani/juz3/70.JPG\" /><img alt=\"\" src=\"/courses_lesson/files/HQUsmani/juz3/71.JPG\" /><img alt=\"\" src=\"/courses_lesson/files/HQUsmani/juz3/72.JPG\" /><img alt=\"\" src=\"/courses_lesson/files/HQUsmani/juz3/73.JPG\" /><img alt=\"\" src=\"/courses_lesson/files/HQUsmani/juz3/74.JPG\" /><img alt=\"\" src=\"/courses_lesson/files/HQUsmani/juz3/75.JPG\" /><img alt=\"\" src=\"/courses_lesson/files/HQUsmani/juz3/76.JPG\" /><img alt=\"\" src=\"/courses_lesson/files/HQUsmani/juz3/77.JPG\" /><img alt=\"\" src=\"/courses_lesson/files/HQUsmani/juz3/78.JPG\" /><img alt=\"\" src=\"/courses_lesson/files/HQUsmani/juz3/79.JPG\" /><img alt=\"\" src=\"/courses_lesson/files/HQUsmani/juz3/80.JPG\" /><img alt=\"\" src=\"/courses_lesson/files/HQUsmani/juz3/81.JPG\" /><img alt=\"\" src=\"/courses_lesson/files/HQUsmani/juz3/82.JPG\" /><img alt=\"\" src=\"/courses_lesson/files/HQUsmani/juz3/83.JPG\" /><img alt=\"\" src=\"/courses_lesson/files/HQUsmani/juz3/84.JPG\" /></p>\r\n',NULL,NULL),
(138,5,'Juz 4','4th Juz','<p style=\"text-align: center; \">\r\n	<img alt=\"\" src=\"/courses_lesson/files/HQUsmani/juz4/85.JPG\" /><img alt=\"\" src=\"/courses_lesson/files/HQUsmani/juz4/86.JPG\" /><img alt=\"\" src=\"/courses_lesson/files/HQUsmani/juz4/87.JPG\" /><img alt=\"\" src=\"/courses_lesson/files/HQUsmani/juz4/88.JPG\" /><img alt=\"\" src=\"/courses_lesson/files/HQUsmani/juz4/89.JPG\" /><img alt=\"\" src=\"/courses_lesson/files/HQUsmani/juz4/90.JPG\" /><img alt=\"\" src=\"/courses_lesson/files/HQUsmani/juz4/91.JPG\" /><img alt=\"\" src=\"/courses_lesson/files/HQUsmani/juz4/92.JPG\" /><img alt=\"\" src=\"/courses_lesson/files/HQUsmani/juz4/93.JPG\" /><img alt=\"\" src=\"/courses_lesson/files/HQUsmani/juz4/94.JPG\" /><img alt=\"\" src=\"/courses_lesson/files/HQUsmani/juz4/95.JPG\" /><img alt=\"\" src=\"/courses_lesson/files/HQUsmani/juz4/96.JPG\" /><img alt=\"\" src=\"/courses_lesson/files/HQUsmani/juz4/97.JPG\" /><img alt=\"\" src=\"/courses_lesson/files/HQUsmani/juz4/98.JPG\" /><img alt=\"\" src=\"/courses_lesson/files/HQUsmani/juz4/99.JPG\" /><img alt=\"\" src=\"/courses_lesson/files/HQUsmani/juz4/100.JPG\" /><img alt=\"\" src=\"/courses_lesson/files/HQUsmani/juz4/101.JPG\" /><img alt=\"\" src=\"/courses_lesson/files/HQUsmani/juz4/102.JPG\" /><img alt=\"\" src=\"/courses_lesson/files/HQUsmani/juz4/103.JPG\" /><img alt=\"\" src=\"/courses_lesson/files/HQUsmani/juz4/104.JPG\" /><img alt=\"\" src=\"/courses_lesson/files/HQUsmani/juz4/105.JPG\" /><img alt=\"\" src=\"/courses_lesson/files/HQUsmani/juz4/106.JPG\" /><img alt=\"\" src=\"/courses_lesson/files/HQUsmani/juz4/107.JPG\" /><img alt=\"\" src=\"/courses_lesson/files/HQUsmani/juz4/108.JPG\" /><img alt=\"\" src=\"/courses_lesson/files/HQUsmani/juz4/109.JPG\" /><img alt=\"\" src=\"/courses_lesson/files/HQUsmani/juz4/110.JPG\" /><img alt=\"\" src=\"/courses_lesson/files/HQUsmani/juz4/111.JPG\" /><img alt=\"\" src=\"/courses_lesson/files/HQUsmani/juz4/112.JPG\" /></p>\r\n',NULL,NULL),
(139,5,'Juz 5','5th Juz','<p style=\"text-align: center; \">\r\n	<img alt=\"\" src=\"/courses_lesson/files/HQUsmani/juz5/113.JPG\" /><img alt=\"\" src=\"/courses_lesson/files/HQUsmani/juz5/114.JPG\" /><img alt=\"\" src=\"/courses_lesson/files/HQUsmani/juz5/115.JPG\" /><img alt=\"\" src=\"/courses_lesson/files/HQUsmani/juz5/116.JPG\" /><img alt=\"\" src=\"/courses_lesson/files/HQUsmani/juz5/117.JPG\" /><img alt=\"\" src=\"/courses_lesson/files/HQUsmani/juz5/118.JPG\" /><img alt=\"\" src=\"/courses_lesson/files/HQUsmani/juz5/119.JPG\" /><img alt=\"\" src=\"/courses_lesson/files/HQUsmani/juz5/120.JPG\" /><img alt=\"\" src=\"/courses_lesson/files/HQUsmani/juz5/121.JPG\" /><img alt=\"\" src=\"/courses_lesson/files/HQUsmani/juz5/122.JPG\" /><img alt=\"\" src=\"/courses_lesson/files/HQUsmani/juz5/123.JPG\" /><img alt=\"\" src=\"/courses_lesson/files/HQUsmani/juz5/124.JPG\" /><img alt=\"\" src=\"/courses_lesson/files/HQUsmani/juz5/125.JPG\" /><img alt=\"\" src=\"/courses_lesson/files/HQUsmani/juz5/126.JPG\" /><img alt=\"\" src=\"/courses_lesson/files/HQUsmani/juz5/127.JPG\" /><img alt=\"\" src=\"/courses_lesson/files/HQUsmani/juz5/128.JPG\" /><img alt=\"\" src=\"/courses_lesson/files/HQUsmani/juz5/129.JPG\" /><img alt=\"\" src=\"/courses_lesson/files/HQUsmani/juz5/130.JPG\" /><img alt=\"\" src=\"/courses_lesson/files/HQUsmani/juz5/131.JPG\" /><img alt=\"\" src=\"/courses_lesson/files/HQUsmani/juz5/132.JPG\" /><img alt=\"\" src=\"/courses_lesson/files/HQUsmani/juz5/133.JPG\" /><img alt=\"\" src=\"/courses_lesson/files/HQUsmani/juz5/134.JPG\" /><img alt=\"\" src=\"/courses_lesson/files/HQUsmani/juz5/135.JPG\" /><img alt=\"\" src=\"/courses_lesson/files/HQUsmani/juz5/136.JPG\" /><img alt=\"\" src=\"/courses_lesson/files/HQUsmani/juz5/137.JPG\" /><img alt=\"\" src=\"/courses_lesson/files/HQUsmani/juz5/138.JPG\" /><img alt=\"\" src=\"/courses_lesson/files/HQUsmani/juz5/139.JPG\" /><img alt=\"\" src=\"/courses_lesson/files/HQUsmani/juz5/140.JPG\" /></p>\r\n',NULL,NULL),
(140,5,'Juz 6','6th Juz','<p style=\"text-align: center; \">\r\n	<img alt=\"\" src=\"/courses_lesson/files/HQUsmani/juz6/141.JPG\" /><img alt=\"\" src=\"/courses_lesson/files/HQUsmani/juz6/142.JPG\" /><img alt=\"\" src=\"/courses_lesson/files/HQUsmani/juz6/143.JPG\" /><img alt=\"\" src=\"/courses_lesson/files/HQUsmani/juz6/144.JPG\" /><img alt=\"\" src=\"/courses_lesson/files/HQUsmani/juz6/145.JPG\" /><img alt=\"\" src=\"/courses_lesson/files/HQUsmani/juz6/146.JPG\" /><img alt=\"\" src=\"/courses_lesson/files/HQUsmani/juz6/147.JPG\" /><img alt=\"\" src=\"/courses_lesson/files/HQUsmani/juz6/148.JPG\" /><img alt=\"\" src=\"/courses_lesson/files/HQUsmani/juz6/149.JPG\" /><img alt=\"\" src=\"/courses_lesson/files/HQUsmani/juz6/150.JPG\" /><img alt=\"\" src=\"/courses_lesson/files/HQUsmani/juz6/151.JPG\" /><img alt=\"\" src=\"/courses_lesson/files/HQUsmani/juz6/152.JPG\" /><img alt=\"\" src=\"/courses_lesson/files/HQUsmani/juz6/153.JPG\" /><img alt=\"\" src=\"/courses_lesson/files/HQUsmani/juz6/154.JPG\" /><img alt=\"\" src=\"/courses_lesson/files/HQUsmani/juz6/155.JPG\" /><img alt=\"\" src=\"/courses_lesson/files/HQUsmani/juz6/156.JPG\" /><img alt=\"\" src=\"/courses_lesson/files/HQUsmani/juz6/157.JPG\" /><img alt=\"\" src=\"/courses_lesson/files/HQUsmani/juz6/158.JPG\" /><img alt=\"\" src=\"/courses_lesson/files/HQUsmani/juz6/159.JPG\" /><img alt=\"\" src=\"/courses_lesson/files/HQUsmani/juz6/160.JPG\" /><img alt=\"\" src=\"/courses_lesson/files/HQUsmani/juz6/161.JPG\" /><img alt=\"\" src=\"/courses_lesson/files/HQUsmani/juz6/162.JPG\" /><img alt=\"\" src=\"/courses_lesson/files/HQUsmani/juz6/163.JPG\" /><img alt=\"\" src=\"/courses_lesson/files/HQUsmani/juz6/164.JPG\" /><img alt=\"\" src=\"/courses_lesson/files/HQUsmani/juz6/165.JPG\" /><img alt=\"\" src=\"/courses_lesson/files/HQUsmani/juz6/166.JPG\" /><img alt=\"\" src=\"/courses_lesson/files/HQUsmani/juz6/167.JPG\" /><img alt=\"\" src=\"/courses_lesson/files/HQUsmani/juz6/168.JPG\" /></p>\r\n',NULL,NULL),
(141,5,'Juz 7','7th Juz','<p style=\"text-align: center; \">\r\n	<img alt=\"\" src=\"/courses_lesson/files/HQUsmani/juz7/169.JPG\" /><img alt=\"\" src=\"/courses_lesson/files/HQUsmani/juz7/170.JPG\" /><img alt=\"\" src=\"/courses_lesson/files/HQUsmani/juz7/171.JPG\" /><img alt=\"\" src=\"/courses_lesson/files/HQUsmani/juz7/172.JPG\" /><img alt=\"\" src=\"/courses_lesson/files/HQUsmani/juz7/173.JPG\" /><img alt=\"\" src=\"/courses_lesson/files/HQUsmani/juz7/174.JPG\" /><img alt=\"\" src=\"/courses_lesson/files/HQUsmani/juz7/175.JPG\" /><img alt=\"\" src=\"/courses_lesson/files/HQUsmani/juz7/176.JPG\" /><img alt=\"\" src=\"/courses_lesson/files/HQUsmani/juz7/177.JPG\" /><img alt=\"\" src=\"/courses_lesson/files/HQUsmani/juz7/178.JPG\" /><img alt=\"\" src=\"/courses_lesson/files/HQUsmani/juz7/179.JPG\" /><img alt=\"\" src=\"/courses_lesson/files/HQUsmani/juz7/180.JPG\" /><img alt=\"\" src=\"/courses_lesson/files/HQUsmani/juz7/181.JPG\" /><img alt=\"\" src=\"/courses_lesson/files/HQUsmani/juz7/182.JPG\" /><img alt=\"\" src=\"/courses_lesson/files/HQUsmani/juz7/183.JPG\" /><img alt=\"\" src=\"/courses_lesson/files/HQUsmani/juz7/184.JPG\" /><img alt=\"\" src=\"/courses_lesson/files/HQUsmani/juz7/185.JPG\" /><img alt=\"\" src=\"/courses_lesson/files/HQUsmani/juz7/186.JPG\" /><img alt=\"\" src=\"/courses_lesson/files/HQUsmani/juz7/187.JPG\" /><img alt=\"\" src=\"/courses_lesson/files/HQUsmani/juz7/188.JPG\" /><img alt=\"\" src=\"/courses_lesson/files/HQUsmani/juz7/189.JPG\" /><img alt=\"\" src=\"/courses_lesson/files/HQUsmani/juz7/190.JPG\" /><img alt=\"\" src=\"/courses_lesson/files/HQUsmani/juz7/191.JPG\" /><img alt=\"\" src=\"/courses_lesson/files/HQUsmani/juz7/192.JPG\" /><img alt=\"\" src=\"/courses_lesson/files/HQUsmani/juz7/193.JPG\" /><img alt=\"\" src=\"/courses_lesson/files/HQUsmani/juz7/194.JPG\" /><img alt=\"\" src=\"/courses_lesson/files/HQUsmani/juz7/195.JPG\" /><img alt=\"\" src=\"/courses_lesson/files/HQUsmani/juz7/196.JPG\" /></p>\r\n',NULL,NULL),
(142,5,'Juz 8','8th Juz','<p style=\"text-align: center;\">\r\n	<img alt=\"\" src=\"/courses_lesson/files/HQUsmani/juz8/197.JPG\" style=\"width: 500px; height: 800px;\" /><img alt=\"\" src=\"/courses_lesson/files/HQUsmani/juz8/198.JPG\" style=\"width: 500px; height: 800px;\" /><img alt=\"\" src=\"/courses_lesson/files/HQUsmani/juz8/199.JPG\" /><img alt=\"\" src=\"/courses_lesson/files/HQUsmani/juz8/200.JPG\" /><img alt=\"\" src=\"/courses_lesson/files/HQUsmani/juz8/201.JPG\" style=\"width: 500px; height: 800px;\" /><img alt=\"\" src=\"/courses_lesson/files/HQUsmani/juz8/202.JPG\" /><img alt=\"\" src=\"/courses_lesson/files/HQUsmani/juz8/203.JPG\" style=\"width: 500px; height: 800px;\" /><img alt=\"\" src=\"/courses_lesson/files/HQUsmani/juz8/204.JPG\" /><img alt=\"\" src=\"/courses_lesson/files/HQUsmani/juz8/205.JPG\" /><img alt=\"\" src=\"/courses_lesson/files/HQUsmani/juz8/206.JPG\" /><img alt=\"\" src=\"/courses_lesson/files/HQUsmani/juz8/207.JPG\" style=\"width: 500px; height: 800px;\" /><img alt=\"\" src=\"/courses_lesson/files/HQUsmani/juz8/208.JPG\" /><img alt=\"\" src=\"/courses_lesson/files/HQUsmani/juz8/209.JPG\" /><img alt=\"\" src=\"/courses_lesson/files/HQUsmani/juz8/210.JPG\" /><img alt=\"\" src=\"/courses_lesson/files/HQUsmani/juz8/211.JPG\" style=\"width: 500px; height: 800px;\" /><img alt=\"\" src=\"/courses_lesson/files/HQUsmani/juz8/212.JPG\" /><img alt=\"\" src=\"/courses_lesson/files/HQUsmani/juz8/213.JPG\" /><img alt=\"\" src=\"/courses_lesson/files/HQUsmani/juz8/214.JPG\" style=\"width: 500px; height: 800px;\" /><img alt=\"\" src=\"/courses_lesson/files/HQUsmani/juz8/215.JPG\" /><img alt=\"\" src=\"/courses_lesson/files/HQUsmani/juz8/216.JPG\" /><img alt=\"\" src=\"/courses_lesson/files/HQUsmani/juz8/217.JPG\" style=\"width: 500px; height: 800px;\" /><img alt=\"\" src=\"/courses_lesson/files/HQUsmani/juz8/218.JPG\" /><img alt=\"\" src=\"/courses_lesson/files/HQUsmani/juz8/219.JPG\" /><img alt=\"\" src=\"/courses_lesson/files/HQUsmani/juz8/220.JPG\" style=\"width: 500px; height: 800px;\" /><img alt=\"\" src=\"/courses_lesson/files/HQUsmani/juz8/221.JPG\" /><img alt=\"\" src=\"/courses_lesson/files/HQUsmani/juz8/222.JPG\" /><img alt=\"\" src=\"/courses_lesson/files/HQUsmani/juz8/223.JPG\" style=\"width: 500px; height: 800px;\" /><img alt=\"\" src=\"/courses_lesson/files/HQUsmani/juz8/224.JPG\" /></p>\r\n',NULL,NULL),
(143,7,'Juz 1','1st Juz','<p style=\"text-align: center; \">\r\n	<img alt=\"\" src=\"/courses_lesson/files/HQArabic/juz1/1.JPG\" /><img alt=\"\" src=\"/courses_lesson/files/HQArabic/juz1/2.JPG\" /><img alt=\"\" src=\"/courses_lesson/files/HQArabic/juz1/3.JPG\" style=\"width: 500px; height: 752px; \" /><img alt=\"\" src=\"/courses_lesson/files/HQArabic/juz1/4.JPG\" /><img alt=\"\" src=\"/courses_lesson/files/HQArabic/juz1/5.JPG\" /><img alt=\"\" src=\"/courses_lesson/files/HQArabic/juz1/6.JPG\" style=\"width: 500px; height: 752px; \" /><img alt=\"\" src=\"/courses_lesson/files/HQArabic/juz1/7.JPG\" /><img alt=\"\" src=\"/courses_lesson/files/HQArabic/juz1/8.JPG\" /><img alt=\"\" src=\"/courses_lesson/files/HQArabic/juz1/9.JPG\" /><img alt=\"\" src=\"/courses_lesson/files/HQArabic/juz1/10.JPG\" /><img alt=\"\" src=\"/courses_lesson/files/HQArabic/juz1/11.JPG\" /><img alt=\"\" src=\"/courses_lesson/files/HQArabic/juz1/12.JPG\" /><img alt=\"\" src=\"/courses_lesson/files/HQArabic/juz1/13.JPG\" /><img alt=\"\" src=\"/courses_lesson/files/HQArabic/juz1/14.JPG\" /><img alt=\"\" src=\"/courses_lesson/files/HQArabic/juz1/15.JPG\" /><img alt=\"\" src=\"/courses_lesson/files/HQArabic/juz1/16.JPG\" /><img alt=\"\" src=\"/courses_lesson/files/HQArabic/juz1/17.JPG\" /><img alt=\"\" src=\"/courses_lesson/files/HQArabic/juz1/18.JPG\" /><img alt=\"\" src=\"/courses_lesson/files/HQArabic/juz1/19.JPG\" /><img alt=\"\" src=\"/courses_lesson/files/HQArabic/juz1/20.JPG\" /><img alt=\"\" src=\"/courses_lesson/files/HQArabic/juz1/21.JPG\" /></p>\r\n',NULL,NULL),
(144,7,'Juz 2','2nd Juz','<p style=\"text-align: center; \">\r\n	<img alt=\"\" src=\"/courses_lesson/files/HQArabic/juz2/22.JPG\" /><img alt=\"\" src=\"/courses_lesson/files/HQArabic/juz2/23.JPG\" /><img alt=\"\" src=\"/courses_lesson/files/HQArabic/juz2/24.JPG\" /><img alt=\"\" src=\"/courses_lesson/files/HQArabic/juz2/25.JPG\" /><img alt=\"\" src=\"/courses_lesson/files/HQArabic/juz2/26.JPG\" /><img alt=\"\" src=\"/courses_lesson/files/HQArabic/juz2/27.JPG\" /><img alt=\"\" src=\"/courses_lesson/files/HQArabic/juz2/28.JPG\" /><img alt=\"\" src=\"/courses_lesson/files/HQArabic/juz2/29.JPG\" /><img alt=\"\" src=\"/courses_lesson/files/HQArabic/juz2/30.JPG\" /><img alt=\"\" src=\"/courses_lesson/files/HQArabic/juz2/31.JPG\" style=\"width: 500px; height: 752px; \" /><img alt=\"\" src=\"/courses_lesson/files/HQArabic/juz2/32.JPG\" /><img alt=\"\" src=\"/courses_lesson/files/HQArabic/juz2/33.JPG\" style=\"width: 500px; height: 752px; \" /><img alt=\"\" src=\"/courses_lesson/files/HQArabic/juz2/34.JPG\" /><img alt=\"\" src=\"/courses_lesson/files/HQArabic/juz2/35.JPG\" /><img alt=\"\" src=\"/courses_lesson/files/HQArabic/juz2/36.JPG\" /><img alt=\"\" src=\"/courses_lesson/files/HQArabic/juz2/37.JPG\" /><img alt=\"\" src=\"/courses_lesson/files/HQArabic/juz2/38.JPG\" /><img alt=\"\" src=\"/courses_lesson/files/HQArabic/juz2/39.JPG\" /><img alt=\"\" src=\"/courses_lesson/files/HQArabic/juz2/40.JPG\" /><img alt=\"\" src=\"/courses_lesson/files/HQArabic/juz2/41.JPG\" /></p>\r\n',NULL,NULL),
(145,7,'Juz 3','3rd Juz','<p style=\"text-align: center; \">\r\n	<img alt=\"\" src=\"/courses_lesson/files/HQArabic/juz3/42.JPG\" /><img alt=\"\" src=\"/courses_lesson/files/HQArabic/juz3/43.JPG\" /><img alt=\"\" src=\"/courses_lesson/files/HQArabic/juz3/44.JPG\" /><img alt=\"\" src=\"/courses_lesson/files/HQArabic/juz3/45.JPG\" /><img alt=\"\" src=\"/courses_lesson/files/HQArabic/juz3/46.JPG\" /><img alt=\"\" src=\"/courses_lesson/files/HQArabic/juz3/47.JPG\" /><img alt=\"\" src=\"/courses_lesson/files/HQArabic/juz3/48.JPG\" /><img alt=\"\" src=\"/courses_lesson/files/HQArabic/juz3/49.JPG\" /><img alt=\"\" src=\"/courses_lesson/files/HQArabic/juz3/50.JPG\" /><img alt=\"\" src=\"/courses_lesson/files/HQArabic/juz3/51.JPG\" /><img alt=\"\" src=\"/courses_lesson/files/HQArabic/juz3/52.JPG\" /><img alt=\"\" src=\"/courses_lesson/files/HQArabic/juz3/53.JPG\" /><img alt=\"\" src=\"/courses_lesson/files/HQArabic/juz3/54.JPG\" /><img alt=\"\" src=\"/courses_lesson/files/HQArabic/juz3/55.JPG\" /><img alt=\"\" src=\"/courses_lesson/files/HQArabic/juz3/56.JPG\" /><img alt=\"\" src=\"/courses_lesson/files/HQArabic/juz3/57.JPG\" /><img alt=\"\" src=\"/courses_lesson/files/HQArabic/juz3/58.JPG\" /><img alt=\"\" src=\"/courses_lesson/files/HQArabic/juz3/59.JPG\" /><img alt=\"\" src=\"/courses_lesson/files/HQArabic/juz3/60.JPG\" /><img alt=\"\" src=\"/courses_lesson/files/HQArabic/juz3/61.JPG\" /></p>\r\n',NULL,NULL),
(146,7,'Juz 4','4th Juz','<p style=\"text-align: center; \">\r\n	<img alt=\"\" src=\"/courses_lesson/files/HQArabic/juz4/62.JPG\" /><img alt=\"\" src=\"/courses_lesson/files/HQArabic/juz4/63.JPG\" /><img alt=\"\" src=\"/courses_lesson/files/HQArabic/juz4/64.JPG\" /><img alt=\"\" src=\"/courses_lesson/files/HQArabic/juz4/65.JPG\" style=\"width: 500px; height: 752px; \" /><img alt=\"\" src=\"/courses_lesson/files/HQArabic/juz4/66.JPG\" /><img alt=\"\" src=\"/courses_lesson/files/HQArabic/juz4/67.JPG\" /><img alt=\"\" src=\"/courses_lesson/files/HQArabic/juz4/68.JPG\" /><img alt=\"\" src=\"/courses_lesson/files/HQArabic/juz4/69.JPG\" /><img alt=\"\" src=\"/courses_lesson/files/HQArabic/juz4/70.JPG\" /><img alt=\"\" src=\"/courses_lesson/files/HQArabic/juz4/71.JPG\" /><img alt=\"\" src=\"/courses_lesson/files/HQArabic/juz4/72.JPG\" /><img alt=\"\" src=\"/courses_lesson/files/HQArabic/juz4/73.JPG\" /><img alt=\"\" src=\"/courses_lesson/files/HQArabic/juz4/74.JPG\" /><img alt=\"\" src=\"/courses_lesson/files/HQArabic/juz4/75.JPG\" /><img alt=\"\" src=\"/courses_lesson/files/HQArabic/juz4/76.JPG\" /><img alt=\"\" src=\"/courses_lesson/files/HQArabic/juz4/77.JPG\" /><img alt=\"\" src=\"/courses_lesson/files/HQArabic/juz4/78.JPG\" /><img alt=\"\" src=\"/courses_lesson/files/HQArabic/juz4/79.JPG\" /><img alt=\"\" src=\"/courses_lesson/files/HQArabic/juz4/80.JPG\" /><img alt=\"\" src=\"/courses_lesson/files/HQArabic/juz4/81.JPG\" /></p>\r\n',NULL,NULL),
(147,7,'Juz 5','5th Juz','<p style=\"text-align: center; \">\r\n	<img alt=\"\" src=\"/courses_lesson/files/HQArabic/juz5/82.JPG\" style=\"width: 500px; height: 752px; \" /><img alt=\"\" src=\"/courses_lesson/files/HQArabic/juz5/83.JPG\" style=\"width: 500px; height: 752px; \" /><img alt=\"\" src=\"/courses_lesson/files/HQArabic/juz5/84.JPG\" style=\"width: 500px; height: 752px; \" /><img alt=\"\" src=\"/courses_lesson/files/HQArabic/juz5/85.JPG\" style=\"width: 500px; height: 752px; \" /><img alt=\"\" src=\"/courses_lesson/files/HQArabic/juz5/86.JPG\" style=\"width: 500px; height: 752px; \" /><img alt=\"\" src=\"/courses_lesson/files/HQArabic/juz5/87.JPG\" style=\"width: 500px; height: 752px; \" /><img alt=\"\" src=\"/courses_lesson/files/HQArabic/juz5/88.JPG\" /><img alt=\"\" src=\"/courses_lesson/files/HQArabic/juz5/89.JPG\" /><img alt=\"\" src=\"/courses_lesson/files/HQArabic/juz5/90.JPG\" /><img alt=\"\" src=\"/courses_lesson/files/HQArabic/juz5/91.JPG\" /><img alt=\"\" src=\"/courses_lesson/files/HQArabic/juz5/92.JPG\" /><img alt=\"\" src=\"/courses_lesson/files/HQArabic/juz5/93.JPG\" /><img alt=\"\" src=\"/courses_lesson/files/HQArabic/juz5/94.JPG\" /><img alt=\"\" src=\"/courses_lesson/files/HQArabic/juz5/95.JPG\" /><img alt=\"\" src=\"/courses_lesson/files/HQArabic/juz5/96.JPG\" /><img alt=\"\" src=\"/courses_lesson/files/HQArabic/juz5/97.JPG\" /><img alt=\"\" src=\"/courses_lesson/files/HQArabic/juz5/98.JPG\" /><img alt=\"\" src=\"/courses_lesson/files/HQArabic/juz5/99.JPG\" /><img alt=\"\" src=\"/courses_lesson/files/HQArabic/juz5/100.JPG\" style=\"width: 500px; height: 752px; \" /><img alt=\"\" src=\"/courses_lesson/files/HQArabic/juz5/101.JPG\" style=\"width: 500px; height: 752px; \" /></p>\r\n',NULL,NULL),
(148,7,'Juz 6','6th Juz','<p style=\"text-align: center;\">\r\n	<img alt=\"\" src=\"/courses_lesson/files/HQArabic/juz6/102.JPG\" /><img alt=\"\" src=\"/courses_lesson/files/HQArabic/juz6/103.JPG\" /><img alt=\"\" src=\"/courses_lesson/files/HQArabic/juz6/104.JPG\" /><img alt=\"\" src=\"/courses_lesson/files/HQArabic/juz6/105.JPG\" /><img alt=\"\" src=\"/courses_lesson/files/HQArabic/juz6/106.JPG\" /><img alt=\"\" src=\"/courses_lesson/files/HQArabic/juz6/107.JPG\" /><img alt=\"\" src=\"/courses_lesson/files/HQArabic/juz6/108.JPG\" /><img alt=\"\" src=\"/courses_lesson/files/HQArabic/juz6/109.JPG\" /><img alt=\"\" src=\"/courses_lesson/files/HQArabic/juz6/110.JPG\" /><img alt=\"\" src=\"/courses_lesson/files/HQArabic/juz6/111.JPG\" /><img alt=\"\" src=\"/courses_lesson/files/HQArabic/juz6/112.JPG\" /><img alt=\"\" src=\"/courses_lesson/files/HQArabic/juz6/113.JPG\" /><img alt=\"\" src=\"/courses_lesson/files/HQArabic/juz6/114.JPG\" style=\"width: 500px; height: 752px;\" /><img alt=\"\" src=\"/courses_lesson/files/HQArabic/juz6/115.JPG\" /><img alt=\"\" src=\"/courses_lesson/files/HQArabic/juz6/116.JPG\" /><img alt=\"\" src=\"/courses_lesson/files/HQArabic/juz6/117.JPG\" /><img alt=\"\" src=\"/courses_lesson/files/HQArabic/juz6/118.JPG\" /><img alt=\"\" src=\"/courses_lesson/files/HQArabic/juz6/119.JPG\" /><img alt=\"\" src=\"/courses_lesson/files/HQArabic/juz6/120.JPG\" /><img alt=\"\" src=\"/courses_lesson/files/HQArabic/juz6/121.JPG\" /></p>\r\n',NULL,NULL),
(149,7,'Juz 7','7th Juz','<p style=\"text-align: center;\">\r\n	<img alt=\"\" src=\"/courses_lesson/files/HQArabic/juz7/122.JPG\" /><img alt=\"\" src=\"/courses_lesson/files/HQArabic/juz7/123.JPG\" /><img alt=\"\" src=\"/courses_lesson/files/HQArabic/juz7/124.JPG\" /><img alt=\"\" src=\"/courses_lesson/files/HQArabic/juz7/125.JPG\" /><img alt=\"\" src=\"/courses_lesson/files/HQArabic/juz7/126.JPG\" /><img alt=\"\" src=\"/courses_lesson/files/HQArabic/juz7/127.JPG\" /><img alt=\"\" src=\"/courses_lesson/files/HQArabic/juz7/128.JPG\" /><img alt=\"\" src=\"/courses_lesson/files/HQArabic/juz7/129.JPG\" /><img alt=\"\" src=\"/courses_lesson/files/HQArabic/juz7/130.JPG\" /><img alt=\"\" src=\"/courses_lesson/files/HQArabic/juz7/131.JPG\" /><img alt=\"\" src=\"/courses_lesson/files/HQArabic/juz7/132.JPG\" /><img alt=\"\" src=\"/courses_lesson/files/HQArabic/juz7/133.JPG\" /><img alt=\"\" src=\"/courses_lesson/files/HQArabic/juz7/134.JPG\" /><img alt=\"\" src=\"/courses_lesson/files/HQArabic/juz7/135.JPG\" /><img alt=\"\" src=\"/courses_lesson/files/HQArabic/juz7/136.JPG\" /><img alt=\"\" src=\"/courses_lesson/files/HQArabic/juz7/137.JPG\" /><img alt=\"\" src=\"/courses_lesson/files/HQArabic/juz7/138.JPG\" /><img alt=\"\" src=\"/courses_lesson/files/HQArabic/juz7/139.JPG\" /><img alt=\"\" src=\"/courses_lesson/files/HQArabic/juz7/140.JPG\" /><img alt=\"\" src=\"/courses_lesson/files/HQArabic/juz7/141.JPG\" /></p>\r\n',NULL,NULL),
(150,7,'Juz 8','8th Juz','<p style=\"text-align: center;\">\r\n	<img alt=\"\" src=\"/courses_lesson/files/HQArabic/juz8/142.JPG\" /><img alt=\"\" src=\"/courses_lesson/files/HQArabic/juz8/143.JPG\" style=\"width: 500px; height: 752px;\" /><img alt=\"\" src=\"/courses_lesson/files/HQArabic/juz8/144.JPG\" style=\"width: 500px; height: 752px;\" /><img alt=\"\" src=\"/courses_lesson/files/HQArabic/juz8/145.JPG\" /><img alt=\"\" src=\"/courses_lesson/files/HQArabic/juz8/146.JPG\" /><img alt=\"\" src=\"/courses_lesson/files/HQArabic/juz8/147.JPG\" style=\"width: 500px; height: 752px;\" /><img alt=\"\" src=\"/courses_lesson/files/HQArabic/juz8/148.JPG\" /><img alt=\"\" src=\"/courses_lesson/files/HQArabic/juz8/149.JPG\" style=\"width: 500px; height: 752px;\" /><img alt=\"\" src=\"/courses_lesson/files/HQArabic/juz8/150.JPG\" /><img alt=\"\" src=\"/courses_lesson/files/HQArabic/juz8/151.JPG\" /><img alt=\"\" src=\"/courses_lesson/files/HQArabic/juz8/152.JPG\" /><img alt=\"\" src=\"/courses_lesson/files/HQArabic/juz8/153.JPG\" /><img alt=\"\" src=\"/courses_lesson/files/HQArabic/juz8/154.JPG\" /><img alt=\"\" src=\"/courses_lesson/files/HQArabic/juz8/155.JPG\" /><img alt=\"\" src=\"/courses_lesson/files/HQArabic/juz8/156.JPG\" /><img alt=\"\" src=\"/courses_lesson/files/HQArabic/juz8/157.JPG\" /><img alt=\"\" src=\"/courses_lesson/files/HQArabic/juz8/158.JPG\" /><img alt=\"\" src=\"/courses_lesson/files/HQArabic/juz8/159.JPG\" /><img alt=\"\" src=\"/courses_lesson/files/HQArabic/juz8/160.JPG\" /><img alt=\"\" src=\"/courses_lesson/files/HQArabic/juz8/161.JPG\" /></p>\r\n',NULL,NULL),
(151,7,'Juz 9','9th Juz','<p style=\"text-align: center;\">\r\n	<img alt=\"\" src=\"/courses_lesson/files/HQArabic/juz9/162.JPG\" /><img alt=\"\" src=\"/courses_lesson/files/HQArabic/juz9/163.JPG\" /><img alt=\"\" src=\"/courses_lesson/files/HQArabic/juz9/164.JPG\" /><img alt=\"\" src=\"/courses_lesson/files/HQArabic/juz9/165.JPG\" /><img alt=\"\" src=\"/courses_lesson/files/HQArabic/juz9/166.JPG\" /><img alt=\"\" src=\"/courses_lesson/files/HQArabic/juz9/167.JPG\" /><img alt=\"\" src=\"/courses_lesson/files/HQArabic/juz9/168.JPG\" /><img alt=\"\" src=\"/courses_lesson/files/HQArabic/juz9/169.JPG\" /><img alt=\"\" src=\"/courses_lesson/files/HQArabic/juz9/170.JPG\" /><img alt=\"\" src=\"/courses_lesson/files/HQArabic/juz9/171.JPG\" /><img alt=\"\" src=\"/courses_lesson/files/HQArabic/juz9/172.JPG\" /><img alt=\"\" src=\"/courses_lesson/files/HQArabic/juz9/173.JPG\" /><img alt=\"\" src=\"/courses_lesson/files/HQArabic/juz9/174.JPG\" /><img alt=\"\" src=\"/courses_lesson/files/HQArabic/juz9/175.JPG\" /><img alt=\"\" src=\"/courses_lesson/files/HQArabic/juz9/176.JPG\" /><img alt=\"\" src=\"/courses_lesson/files/HQArabic/juz9/177.JPG\" /><img alt=\"\" src=\"/courses_lesson/files/HQArabic/juz9/178.JPG\" /><img alt=\"\" src=\"/courses_lesson/files/HQArabic/juz9/179.JPG\" /><img alt=\"\" src=\"/courses_lesson/files/HQArabic/juz9/180.JPG\" /><img alt=\"\" src=\"/courses_lesson/files/HQArabic/juz9/181.JPG\" /></p>\r\n',NULL,NULL),
(152,7,'Juz 10','10th Juz','<p style=\"text-align: center;\">\r\n	<img alt=\"\" src=\"/courses_lesson/files/HQArabic/juz10/182.JPG\" style=\"width: 500px; height: 752px;\" /><img alt=\"\" src=\"/courses_lesson/files/HQArabic/juz10/183.JPG\" /><img alt=\"\" src=\"/courses_lesson/files/HQArabic/juz10/184.JPG\" /><img alt=\"\" src=\"/courses_lesson/files/HQArabic/juz10/185.JPG\" /><img alt=\"\" src=\"/courses_lesson/files/HQArabic/juz10/186.JPG\" /><img alt=\"\" src=\"/courses_lesson/files/HQArabic/juz10/187.JPG\" /><img alt=\"\" src=\"/courses_lesson/files/HQArabic/juz10/188.JPG\" /><img alt=\"\" src=\"/courses_lesson/files/HQArabic/juz10/189.JPG\" /><img alt=\"\" src=\"/courses_lesson/files/HQArabic/juz10/190.JPG\" /><img alt=\"\" src=\"/courses_lesson/files/HQArabic/juz10/191.JPG\" /><img alt=\"\" src=\"/courses_lesson/files/HQArabic/juz10/192.JPG\" style=\"width: 500px; height: 752px;\" /><img alt=\"\" src=\"/courses_lesson/files/HQArabic/juz10/193.JPG\" /><img alt=\"\" src=\"/courses_lesson/files/HQArabic/juz10/194.JPG\" /><img alt=\"\" src=\"/courses_lesson/files/HQArabic/juz10/195.JPG\" /><img alt=\"\" src=\"/courses_lesson/files/HQArabic/juz10/196.JPG\" /><img alt=\"\" src=\"/courses_lesson/files/HQArabic/juz10/197.JPG\" /><img alt=\"\" src=\"/courses_lesson/files/HQArabic/juz10/198.JPG\" /><img alt=\"\" src=\"/courses_lesson/files/HQArabic/juz10/199.JPG\" style=\"width: 500px; height: 752px;\" /><img alt=\"\" src=\"/courses_lesson/files/HQArabic/juz10/200.JPG\" /><img alt=\"\" src=\"/courses_lesson/files/HQArabic/juz10/201.JPG\" /></p>\r\n',NULL,NULL),
(153,7,'Juz 11','11th Juz','<p style=\"text-align: center;\">\r\n	<img alt=\"\" src=\"/courses_lesson/files/HQArabic/juz11/202.JPG\" style=\"width: 500px; height: 752px;\" /><img alt=\"\" src=\"/courses_lesson/files/HQArabic/juz11/203.JPG\" /><img alt=\"\" src=\"/courses_lesson/files/HQArabic/juz11/204.JPG\" /><img alt=\"\" src=\"/courses_lesson/files/HQArabic/juz11/205.JPG\" style=\"width: 500px; height: 752px;\" /><img alt=\"\" src=\"/courses_lesson/files/HQArabic/juz11/206.JPG\" /><img alt=\"\" src=\"/courses_lesson/files/HQArabic/juz11/207.JPG\" style=\"width: 500px; height: 752px;\" /><img alt=\"\" src=\"/courses_lesson/files/HQArabic/juz11/208.JPG\" /><img alt=\"\" src=\"/courses_lesson/files/HQArabic/juz11/209.JPG\" /><img alt=\"\" src=\"/courses_lesson/files/HQArabic/juz11/210.JPG\" /><img alt=\"\" src=\"/courses_lesson/files/HQArabic/juz11/211.JPG\" /><img alt=\"\" src=\"/courses_lesson/files/HQArabic/juz11/212.JPG\" /><img alt=\"\" src=\"/courses_lesson/files/HQArabic/juz11/213.JPG\" style=\"width: 500px; height: 752px;\" /><img alt=\"\" src=\"/courses_lesson/files/HQArabic/juz11/214.JPG\" /><img alt=\"\" src=\"/courses_lesson/files/HQArabic/juz11/215.JPG\" style=\"width: 500px; height: 752px;\" /><img alt=\"\" src=\"/courses_lesson/files/HQArabic/juz11/216.JPG\" /><img alt=\"\" src=\"/courses_lesson/files/HQArabic/juz11/217.JPG\" style=\"width: 500px; height: 752px;\" /><img alt=\"\" src=\"/courses_lesson/files/HQArabic/juz11/218.JPG\" /><img alt=\"\" src=\"/courses_lesson/files/HQArabic/juz11/219.JPG\" /><img alt=\"\" src=\"/courses_lesson/files/HQArabic/juz11/220.JPG\" /><img alt=\"\" src=\"/courses_lesson/files/HQArabic/juz11/221.JPG\" /></p>\r\n',NULL,NULL),
(154,7,'Juz 12','12th Juz','<p style=\"text-align: center;\">\r\n	<img alt=\"\" src=\"/courses_lesson/files/HQArabic/juz12/222.JPG\" style=\"width: 500px; height: 752px;\" /><img alt=\"\" src=\"/courses_lesson/files/HQArabic/juz12/223.JPG\" /><img alt=\"\" src=\"/courses_lesson/files/HQArabic/juz12/224.JPG\" /><img alt=\"\" src=\"/courses_lesson/files/HQArabic/juz12/225.JPG\" /><img alt=\"\" src=\"/courses_lesson/files/HQArabic/juz12/226.JPG\" /><img alt=\"\" src=\"/courses_lesson/files/HQArabic/juz12/227.JPG\" /><img alt=\"\" src=\"/courses_lesson/files/HQArabic/juz12/228.JPG\" /><img alt=\"\" src=\"/courses_lesson/files/HQArabic/juz12/229.JPG\" /><img alt=\"\" src=\"/courses_lesson/files/HQArabic/juz12/230.JPG\" /><img alt=\"\" src=\"/courses_lesson/files/HQArabic/juz12/231.JPG\" /><img alt=\"\" src=\"/courses_lesson/files/HQArabic/juz12/232.JPG\" style=\"width: 500px; height: 752px;\" /><img alt=\"\" src=\"/courses_lesson/files/HQArabic/juz12/233.JPG\" style=\"width: 500px; height: 752px;\" /><img alt=\"\" src=\"/courses_lesson/files/HQArabic/juz12/234.JPG\" style=\"width: 500px; height: 752px;\" /><img alt=\"\" src=\"/courses_lesson/files/HQArabic/juz12/235.JPG\" style=\"width: 500px; height: 752px;\" /><img alt=\"\" src=\"/courses_lesson/files/HQArabic/juz12/236.JPG\" /><img alt=\"\" src=\"/courses_lesson/files/HQArabic/juz12/237.JPG\" /><img alt=\"\" src=\"/courses_lesson/files/HQArabic/juz12/238.JPG\" style=\"width: 500px; height: 752px;\" /><img alt=\"\" src=\"/courses_lesson/files/HQArabic/juz12/239.JPG\" /><img alt=\"\" src=\"/courses_lesson/files/HQArabic/juz12/240.JPG\" /><img alt=\"\" src=\"/courses_lesson/files/HQArabic/juz12/241.JPG\" /></p>\r\n',NULL,NULL),
(155,7,'Juz 13','13th Juz','<p style=\"text-align: center;\">\r\n	<img alt=\"\" src=\"/courses_lesson/files/HQArabic/juz13/242.JPG\" /><img alt=\"\" src=\"/courses_lesson/files/HQArabic/juz13/243.JPG\" /><img alt=\"\" src=\"/courses_lesson/files/HQArabic/juz13/244.JPG\" /><img alt=\"\" src=\"/courses_lesson/files/HQArabic/juz13/245.JPG\" /><img alt=\"\" src=\"/courses_lesson/files/HQArabic/juz13/246.JPG\" /><img alt=\"\" src=\"/courses_lesson/files/HQArabic/juz13/247.JPG\" /><img alt=\"\" src=\"/courses_lesson/files/HQArabic/juz13/248.JPG\" /><img alt=\"\" src=\"/courses_lesson/files/HQArabic/juz13/249.JPG\" /><img alt=\"\" src=\"/courses_lesson/files/HQArabic/juz13/250.JPG\" /><img alt=\"\" src=\"/courses_lesson/files/HQArabic/juz13/251.JPG\" /><img alt=\"\" src=\"/courses_lesson/files/HQArabic/juz13/252.JPG\" /><img alt=\"\" src=\"/courses_lesson/files/HQArabic/juz13/253.JPG\" style=\"width: 500px; height: 752px;\" /><img alt=\"\" src=\"/courses_lesson/files/HQArabic/juz13/254.JPG\" /><img alt=\"\" src=\"/courses_lesson/files/HQArabic/juz13/255.JPG\" /><img alt=\"\" src=\"/courses_lesson/files/HQArabic/juz13/256.JPG\" /><img alt=\"\" src=\"/courses_lesson/files/HQArabic/juz13/257.JPG\" /><img alt=\"\" src=\"/courses_lesson/files/HQArabic/juz13/258.JPG\" /><img alt=\"\" src=\"/courses_lesson/files/HQArabic/juz13/259.JPG\" /><img alt=\"\" src=\"/courses_lesson/files/HQArabic/juz13/260.JPG\" /><img alt=\"\" src=\"/courses_lesson/files/HQArabic/juz13/261.JPG\" /></p>\r\n',NULL,NULL),
(156,7,'Juz 14','14th Juz','<p style=\"text-align: center;\">\r\n	<img alt=\"\" src=\"/courses_lesson/files/HQArabic/juz14/262.JPG\" /><img alt=\"\" src=\"/courses_lesson/files/HQArabic/juz14/263.JPG\" /><img alt=\"\" src=\"/courses_lesson/files/HQArabic/juz14/264.JPG\" /><img alt=\"\" src=\"/courses_lesson/files/HQArabic/juz14/265.JPG\" /><img alt=\"\" src=\"/courses_lesson/files/HQArabic/juz14/266.JPG\" style=\"width: 500px; height: 752px;\" /><img alt=\"\" src=\"/courses_lesson/files/HQArabic/juz14/267.JPG\" style=\"width: 500px; height: 752px;\" /><img alt=\"\" src=\"/courses_lesson/files/HQArabic/juz14/268.JPG\" style=\"width: 500px; height: 752px;\" /><img alt=\"\" src=\"/courses_lesson/files/HQArabic/juz14/269.JPG\" /><img alt=\"\" src=\"/courses_lesson/files/HQArabic/juz14/270.JPG\" style=\"width: 500px; height: 752px;\" /><img alt=\"\" src=\"/courses_lesson/files/HQArabic/juz14/271.JPG\" /><img alt=\"\" src=\"/courses_lesson/files/HQArabic/juz14/272.JPG\" /><img alt=\"\" src=\"/courses_lesson/files/HQArabic/juz14/273.JPG\" style=\"width: 500px; height: 752px;\" /><img alt=\"\" src=\"/courses_lesson/files/HQArabic/juz14/274.JPG\" style=\"width: 500px; height: 752px;\" /><img alt=\"\" src=\"/courses_lesson/files/HQArabic/juz14/275.JPG\" /><img alt=\"\" src=\"/courses_lesson/files/HQArabic/juz14/276.JPG\" /><img alt=\"\" src=\"/courses_lesson/files/HQArabic/juz14/277.JPG\" /><img alt=\"\" src=\"/courses_lesson/files/HQArabic/juz14/278.JPG\" /><img alt=\"\" src=\"/courses_lesson/files/HQArabic/juz14/279.JPG\" /><img alt=\"\" src=\"/courses_lesson/files/HQArabic/juz14/280.JPG\" /><img alt=\"\" src=\"/courses_lesson/files/HQArabic/juz14/281.JPG\" style=\"width: 500px; height: 752px;\" /></p>\r\n',NULL,NULL),
(157,7,'Juz 15','15th Juz','<p style=\"text-align: center; \">\r\n	<img alt=\"\" src=\"/courses_lesson/files/HQArabic/juz15/282.JPG\" /><img alt=\"\" src=\"/courses_lesson/files/HQArabic/juz15/283.JPG\" /><img alt=\"\" src=\"/courses_lesson/files/HQArabic/juz15/284.JPG\" /><img alt=\"\" src=\"/courses_lesson/files/HQArabic/juz15/285.JPG\" /><img alt=\"\" src=\"/courses_lesson/files/HQArabic/juz15/286.JPG\" /><img alt=\"\" src=\"/courses_lesson/files/HQArabic/juz15/287.JPG\" /><img alt=\"\" src=\"/courses_lesson/files/HQArabic/juz15/288.JPG\" /><img alt=\"\" src=\"/courses_lesson/files/HQArabic/juz15/289.JPG\" /><img alt=\"\" src=\"/courses_lesson/files/HQArabic/juz15/290.JPG\" /><img alt=\"\" src=\"/courses_lesson/files/HQArabic/juz15/291.JPG\" /><img alt=\"\" src=\"/courses_lesson/files/HQArabic/juz15/292.JPG\" /><img alt=\"\" src=\"/courses_lesson/files/HQArabic/juz15/293.JPG\" /><img alt=\"\" src=\"/courses_lesson/files/HQArabic/juz15/294.JPG\" /><img alt=\"\" src=\"/courses_lesson/files/HQArabic/juz15/295.JPG\" /><img alt=\"\" src=\"/courses_lesson/files/HQArabic/juz15/296.JPG\" /><img alt=\"\" src=\"/courses_lesson/files/HQArabic/juz15/297.JPG\" /><img alt=\"\" src=\"/courses_lesson/files/HQArabic/juz15/298.JPG\" /><img alt=\"\" src=\"/courses_lesson/files/HQArabic/juz15/299.JPG\" /><img alt=\"\" src=\"/courses_lesson/files/HQArabic/juz15/300.JPG\" /><img alt=\"\" src=\"/courses_lesson/files/HQArabic/juz15/301.JPG\" /></p>\r\n',NULL,NULL),
(158,7,'Juz 16','16th Juz','<p style=\"text-align: center; \">\r\n	<img alt=\"\" src=\"/courses_lesson/files/HQArabic/juz16/302.JPG\" /><img alt=\"\" src=\"/courses_lesson/files/HQArabic/juz16/303.JPG\" /><img alt=\"\" src=\"/courses_lesson/files/HQArabic/juz16/304.JPG\" /><img alt=\"\" src=\"/courses_lesson/files/HQArabic/juz16/305.JPG\" /><img alt=\"\" src=\"/courses_lesson/files/HQArabic/juz16/306.JPG\" /><img alt=\"\" src=\"/courses_lesson/files/HQArabic/juz16/307.JPG\" /><img alt=\"\" src=\"/courses_lesson/files/HQArabic/juz16/308.JPG\" /><img alt=\"\" src=\"/courses_lesson/files/HQArabic/juz16/309.JPG\" /><img alt=\"\" src=\"/courses_lesson/files/HQArabic/juz16/310.JPG\" /><img alt=\"\" src=\"/courses_lesson/files/HQArabic/juz16/311.JPG\" /><img alt=\"\" src=\"/courses_lesson/files/HQArabic/juz16/312.JPG\" /><img alt=\"\" src=\"/courses_lesson/files/HQArabic/juz16/313.JPG\" /><img alt=\"\" src=\"/courses_lesson/files/HQArabic/juz16/314.JPG\" /><img alt=\"\" src=\"/courses_lesson/files/HQArabic/juz16/315.JPG\" /><img alt=\"\" src=\"/courses_lesson/files/HQArabic/juz16/316.JPG\" /><img alt=\"\" src=\"/courses_lesson/files/HQArabic/juz16/317.JPG\" /><img alt=\"\" src=\"/courses_lesson/files/HQArabic/juz16/318.JPG\" /><img alt=\"\" src=\"/courses_lesson/files/HQArabic/juz16/319.JPG\" /><img alt=\"\" src=\"/courses_lesson/files/HQArabic/juz16/320.JPG\" /><img alt=\"\" src=\"/courses_lesson/files/HQArabic/juz16/321.JPG\" /></p>\r\n',NULL,NULL),
(159,7,'Juz 17','17th Juz','<p style=\"text-align: center; \">\r\n	<img alt=\"\" src=\"/courses_lesson/files/HQArabic/juz17/322.JPG\" /><img alt=\"\" src=\"/courses_lesson/files/HQArabic/juz17/323.JPG\" /><img alt=\"\" src=\"/courses_lesson/files/HQArabic/juz17/324.JPG\" style=\"width: 500px; height: 752px; \" /><img alt=\"\" src=\"/courses_lesson/files/HQArabic/juz17/325.JPG\" /><img alt=\"\" src=\"/courses_lesson/files/HQArabic/juz17/326.JPG\" /><img alt=\"\" src=\"/courses_lesson/files/HQArabic/juz17/327.JPG\" /><img alt=\"\" src=\"/courses_lesson/files/HQArabic/juz17/328.JPG\" /><img alt=\"\" src=\"/courses_lesson/files/HQArabic/juz17/329.JPG\" /><img alt=\"\" src=\"/courses_lesson/files/HQArabic/juz17/330.JPG\" /><img alt=\"\" src=\"/courses_lesson/files/HQArabic/juz17/331.JPG\" /><img alt=\"\" src=\"/courses_lesson/files/HQArabic/juz17/332.JPG\" /><img alt=\"\" src=\"/courses_lesson/files/HQArabic/juz17/333.JPG\" /><img alt=\"\" src=\"/courses_lesson/files/HQArabic/juz17/334.JPG\" /><img alt=\"\" src=\"/courses_lesson/files/HQArabic/juz17/335.JPG\" /><img alt=\"\" src=\"/courses_lesson/files/HQArabic/juz17/336.JPG\" /><img alt=\"\" src=\"/courses_lesson/files/HQArabic/juz17/337.JPG\" /><img alt=\"\" src=\"/courses_lesson/files/HQArabic/juz17/338.JPG\" /><img alt=\"\" src=\"/courses_lesson/files/HQArabic/juz17/339.JPG\" /><img alt=\"\" src=\"/courses_lesson/files/HQArabic/juz17/340.JPG\" /><img alt=\"\" src=\"/courses_lesson/files/HQArabic/juz17/341.JPG\" /></p>\r\n',NULL,NULL),
(160,7,'Juz 18','18th Juz','<p style=\"text-align: center; \">\r\n	<img alt=\"\" src=\"/courses_lesson/files/HQArabic/juz18/342.JPG\" /><img alt=\"\" src=\"/courses_lesson/files/HQArabic/juz18/343.JPG\" /><img alt=\"\" src=\"/courses_lesson/files/HQArabic/juz18/344.JPG\" /><img alt=\"\" src=\"/courses_lesson/files/HQArabic/juz18/345.JPG\" /><img alt=\"\" src=\"/courses_lesson/files/HQArabic/juz18/346.JPG\" /><img alt=\"\" src=\"/courses_lesson/files/HQArabic/juz18/347.JPG\" /><img alt=\"\" src=\"/courses_lesson/files/HQArabic/juz18/348.JPG\" /><img alt=\"\" src=\"/courses_lesson/files/HQArabic/juz18/349.JPG\" /><img alt=\"\" src=\"/courses_lesson/files/HQArabic/juz18/350.JPG\" /><img alt=\"\" src=\"/courses_lesson/files/HQArabic/juz18/351.JPG\" /><img alt=\"\" src=\"/courses_lesson/files/HQArabic/juz18/352.JPG\" /><img alt=\"\" src=\"/courses_lesson/files/HQArabic/juz18/353.JPG\" /><img alt=\"\" src=\"/courses_lesson/files/HQArabic/juz18/354.JPG\" /><img alt=\"\" src=\"/courses_lesson/files/HQArabic/juz18/355.JPG\" /><img alt=\"\" src=\"/courses_lesson/files/HQArabic/juz18/356.JPG\" /><img alt=\"\" src=\"/courses_lesson/files/HQArabic/juz18/357.JPG\" /><img alt=\"\" src=\"/courses_lesson/files/HQArabic/juz18/358.JPG\" /><img alt=\"\" src=\"/courses_lesson/files/HQArabic/juz18/359.JPG\" /><img alt=\"\" src=\"/courses_lesson/files/HQArabic/juz18/360.JPG\" /><img alt=\"\" src=\"/courses_lesson/files/HQArabic/juz18/361.JPG\" /></p>\r\n',NULL,NULL),
(161,5,'Juz 9','9th Juz','<p style=\"text-align: center; \">\r\n	<img alt=\"\" src=\"/courses_lesson/files/HQUsmani/juz9/225.JPG\" /><img alt=\"\" src=\"/courses_lesson/files/HQUsmani/juz9/226.JPG\" /><img alt=\"\" src=\"/courses_lesson/files/HQUsmani/juz9/227.JPG\" /><img alt=\"\" src=\"/courses_lesson/files/HQUsmani/juz9/228.JPG\" /><img alt=\"\" src=\"/courses_lesson/files/HQUsmani/juz9/229.JPG\" /><img alt=\"\" src=\"/courses_lesson/files/HQUsmani/juz9/230.JPG\" /><img alt=\"\" src=\"/courses_lesson/files/HQUsmani/juz9/231.JPG\" /><img alt=\"\" src=\"/courses_lesson/files/HQUsmani/juz9/232.JPG\" /><img alt=\"\" src=\"/courses_lesson/files/HQUsmani/juz9/233.JPG\" /><img alt=\"\" src=\"/courses_lesson/files/HQUsmani/juz9/234.JPG\" /><img alt=\"\" src=\"/courses_lesson/files/HQUsmani/juz9/235.JPG\" /><img alt=\"\" src=\"/courses_lesson/files/HQUsmani/juz9/236.JPG\" /><img alt=\"\" src=\"/courses_lesson/files/HQUsmani/juz9/237.JPG\" /><img alt=\"\" src=\"/courses_lesson/files/HQUsmani/juz9/238.JPG\" /><img alt=\"\" src=\"/courses_lesson/files/HQUsmani/juz9/239.JPG\" /><img alt=\"\" src=\"/courses_lesson/files/HQUsmani/juz9/240.JPG\" /><img alt=\"\" src=\"/courses_lesson/files/HQUsmani/juz9/241.JPG\" /><img alt=\"\" src=\"/courses_lesson/files/HQUsmani/juz9/242.JPG\" /><img alt=\"\" src=\"/courses_lesson/files/HQUsmani/juz9/243.JPG\" /><img alt=\"\" src=\"/courses_lesson/files/HQUsmani/juz9/244.JPG\" /><img alt=\"\" src=\"/courses_lesson/files/HQUsmani/juz9/245.JPG\" /><img alt=\"\" src=\"/courses_lesson/files/HQUsmani/juz9/246.JPG\" /><img alt=\"\" src=\"/courses_lesson/files/HQUsmani/juz9/247.JPG\" /><img alt=\"\" src=\"/courses_lesson/files/HQUsmani/juz9/248.JPG\" /><img alt=\"\" src=\"/courses_lesson/files/HQUsmani/juz9/249.JPG\" /><img alt=\"\" src=\"/courses_lesson/files/HQUsmani/juz9/250.JPG\" /><img alt=\"\" src=\"/courses_lesson/files/HQUsmani/juz9/251.JPG\" /><img alt=\"\" src=\"/courses_lesson/files/HQUsmani/juz9/252.JPG\" /></p>\r\n',NULL,NULL),
(162,5,'Juz 10','10th Juz','<p style=\"text-align: center; \">\r\n	<img alt=\"\" src=\"/courses_lesson/files/HQUsmani/juz10/253.JPG\" /><img alt=\"\" src=\"/courses_lesson/files/HQUsmani/juz10/254.JPG\" /><img alt=\"\" src=\"/courses_lesson/files/HQUsmani/juz10/255.JPG\" /><img alt=\"\" src=\"/courses_lesson/files/HQUsmani/juz10/256.JPG\" /><img alt=\"\" src=\"/courses_lesson/files/HQUsmani/juz10/257.JPG\" /><img alt=\"\" src=\"/courses_lesson/files/HQUsmani/juz10/258.JPG\" /><img alt=\"\" src=\"/courses_lesson/files/HQUsmani/juz10/259.JPG\" /><img alt=\"\" src=\"/courses_lesson/files/HQUsmani/juz10/260.JPG\" /><img alt=\"\" src=\"/courses_lesson/files/HQUsmani/juz10/261.JPG\" /><img alt=\"\" src=\"/courses_lesson/files/HQUsmani/juz10/262.JPG\" /><img alt=\"\" src=\"/courses_lesson/files/HQUsmani/juz10/263.JPG\" /><img alt=\"\" src=\"/courses_lesson/files/HQUsmani/juz10/264.JPG\" /><img alt=\"\" src=\"/courses_lesson/files/HQUsmani/juz10/265.JPG\" /><img alt=\"\" src=\"/courses_lesson/files/HQUsmani/juz10/266.JPG\" /><img alt=\"\" src=\"/courses_lesson/files/HQUsmani/juz10/267.JPG\" /><img alt=\"\" src=\"/courses_lesson/files/HQUsmani/juz10/268.JPG\" /><img alt=\"\" src=\"/courses_lesson/files/HQUsmani/juz10/269.JPG\" /><img alt=\"\" src=\"/courses_lesson/files/HQUsmani/juz10/270.JPG\" /><img alt=\"\" src=\"/courses_lesson/files/HQUsmani/juz10/271.JPG\" /><img alt=\"\" src=\"/courses_lesson/files/HQUsmani/juz10/272.JPG\" /><img alt=\"\" src=\"/courses_lesson/files/HQUsmani/juz10/273.JPG\" /><img alt=\"\" src=\"/courses_lesson/files/HQUsmani/juz10/274.JPG\" /><img alt=\"\" src=\"/courses_lesson/files/HQUsmani/juz10/275.JPG\" /><img alt=\"\" src=\"/courses_lesson/files/HQUsmani/juz10/276.JPG\" /><img alt=\"\" src=\"/courses_lesson/files/HQUsmani/juz10/277.JPG\" /><img alt=\"\" src=\"/courses_lesson/files/HQUsmani/juz10/278.JPG\" /><img alt=\"\" src=\"/courses_lesson/files/HQUsmani/juz10/279.JPG\" /><img alt=\"\" src=\"/courses_lesson/files/HQUsmani/juz10/280.JPG\" /></p>\r\n',NULL,NULL),
(163,5,'Juz 11','11th Juz','<p style=\"text-align: center; \">\r\n	<img alt=\"\" src=\"/courses_lesson/files/HQUsmani/juz11/281.JPG\" /><img alt=\"\" src=\"/courses_lesson/files/HQUsmani/juz11/282.JPG\" /><img alt=\"\" src=\"/courses_lesson/files/HQUsmani/juz11/283.JPG\" /><img alt=\"\" src=\"/courses_lesson/files/HQUsmani/juz11/284.JPG\" /><img alt=\"\" src=\"/courses_lesson/files/HQUsmani/juz11/285.JPG\" /><img alt=\"\" src=\"/courses_lesson/files/HQUsmani/juz11/286.JPG\" /><img alt=\"\" src=\"/courses_lesson/files/HQUsmani/juz11/287.JPG\" /><img alt=\"\" src=\"/courses_lesson/files/HQUsmani/juz11/288.JPG\" /><img alt=\"\" src=\"/courses_lesson/files/HQUsmani/juz11/289.JPG\" /><img alt=\"\" src=\"/courses_lesson/files/HQUsmani/juz11/290.JPG\" /><img alt=\"\" src=\"/courses_lesson/files/HQUsmani/juz11/291.JPG\" /><img alt=\"\" src=\"/courses_lesson/files/HQUsmani/juz11/292.JPG\" /><img alt=\"\" src=\"/courses_lesson/files/HQUsmani/juz11/293.JPG\" /><img alt=\"\" src=\"/courses_lesson/files/HQUsmani/juz11/294.JPG\" /><img alt=\"\" src=\"/courses_lesson/files/HQUsmani/juz11/295.JPG\" /><img alt=\"\" src=\"/courses_lesson/files/HQUsmani/juz11/296.JPG\" /><img alt=\"\" src=\"/courses_lesson/files/HQUsmani/juz11/297.JPG\" /><img alt=\"\" src=\"/courses_lesson/files/HQUsmani/juz11/298.JPG\" /><img alt=\"\" src=\"/courses_lesson/files/HQUsmani/juz11/299.JPG\" /><img alt=\"\" src=\"/courses_lesson/files/HQUsmani/juz11/300.JPG\" /><img alt=\"\" src=\"/courses_lesson/files/HQUsmani/juz11/301.JPG\" /><img alt=\"\" src=\"/courses_lesson/files/HQUsmani/juz11/302.JPG\" /><img alt=\"\" src=\"/courses_lesson/files/HQUsmani/juz11/303.JPG\" /><img alt=\"\" src=\"/courses_lesson/files/HQUsmani/juz11/304.JPG\" /><img alt=\"\" src=\"/courses_lesson/files/HQUsmani/juz11/305.JPG\" /><img alt=\"\" src=\"/courses_lesson/files/HQUsmani/juz11/306.JPG\" /><img alt=\"\" src=\"/courses_lesson/files/HQUsmani/juz11/307.JPG\" /><img alt=\"\" src=\"/courses_lesson/files/HQUsmani/juz11/308.JPG\" /></p>\r\n',NULL,NULL),
(164,5,'Juz 12','12th Juz','<p style=\"text-align: center; \">\r\n	<img alt=\"\" src=\"/courses_lesson/files/HQUsmani/juz12/309.JPG\" /><img alt=\"\" src=\"/courses_lesson/files/HQUsmani/juz12/310.JPG\" /><img alt=\"\" src=\"/courses_lesson/files/HQUsmani/juz12/311.JPG\" /><img alt=\"\" src=\"/courses_lesson/files/HQUsmani/juz12/312.JPG\" /><img alt=\"\" src=\"/courses_lesson/files/HQUsmani/juz12/313.JPG\" /><img alt=\"\" src=\"/courses_lesson/files/HQUsmani/juz12/314.JPG\" /><img alt=\"\" src=\"/courses_lesson/files/HQUsmani/juz12/315.JPG\" /><img alt=\"\" src=\"/courses_lesson/files/HQUsmani/juz12/316.JPG\" /><img alt=\"\" src=\"/courses_lesson/files/HQUsmani/juz12/317.JPG\" /><img alt=\"\" src=\"/courses_lesson/files/HQUsmani/juz12/318.JPG\" /><img alt=\"\" src=\"/courses_lesson/files/HQUsmani/juz12/319.JPG\" /><img alt=\"\" src=\"/courses_lesson/files/HQUsmani/juz12/320.JPG\" /><img alt=\"\" src=\"/courses_lesson/files/HQUsmani/juz12/321.JPG\" /><img alt=\"\" src=\"/courses_lesson/files/HQUsmani/juz12/322.JPG\" /><img alt=\"\" src=\"/courses_lesson/files/HQUsmani/juz12/323.JPG\" /><img alt=\"\" src=\"/courses_lesson/files/HQUsmani/juz12/324.JPG\" /><img alt=\"\" src=\"/courses_lesson/files/HQUsmani/juz12/325.JPG\" /><img alt=\"\" src=\"/courses_lesson/files/HQUsmani/juz12/326.JPG\" /><img alt=\"\" src=\"/courses_lesson/files/HQUsmani/juz12/327.JPG\" /><img alt=\"\" src=\"/courses_lesson/files/HQUsmani/juz12/328.JPG\" /><img alt=\"\" src=\"/courses_lesson/files/HQUsmani/juz12/329.JPG\" /><img alt=\"\" src=\"/courses_lesson/files/HQUsmani/juz12/330.JPG\" /><img alt=\"\" src=\"/courses_lesson/files/HQUsmani/juz12/331.JPG\" /><img alt=\"\" src=\"/courses_lesson/files/HQUsmani/juz12/332.JPG\" /><img alt=\"\" src=\"/courses_lesson/files/HQUsmani/juz12/333.JPG\" /><img alt=\"\" src=\"/courses_lesson/files/HQUsmani/juz12/334.JPG\" /><img alt=\"\" src=\"/courses_lesson/files/HQUsmani/juz12/335.JPG\" /><img alt=\"\" src=\"/courses_lesson/files/HQUsmani/juz12/336.JPG\" /></p>\r\n',NULL,NULL),
(165,5,'Juz 13','13th Juz','<p style=\"text-align: center; \">\r\n	<img alt=\"\" src=\"/courses_lesson/files/HQUsmani/juz13/337.JPG\" /><img alt=\"\" src=\"/courses_lesson/files/HQUsmani/juz13/338.JPG\" /><img alt=\"\" src=\"/courses_lesson/files/HQUsmani/juz13/339.JPG\" /><img alt=\"\" src=\"/courses_lesson/files/HQUsmani/juz13/340.JPG\" /><img alt=\"\" src=\"/courses_lesson/files/HQUsmani/juz13/341.JPG\" /><img alt=\"\" src=\"/courses_lesson/files/HQUsmani/juz13/342.JPG\" /><img alt=\"\" src=\"/courses_lesson/files/HQUsmani/juz13/343.JPG\" /><img alt=\"\" src=\"/courses_lesson/files/HQUsmani/juz13/344.JPG\" /><img alt=\"\" src=\"/courses_lesson/files/HQUsmani/juz13/345.JPG\" /><img alt=\"\" src=\"/courses_lesson/files/HQUsmani/juz13/346.JPG\" /><img alt=\"\" src=\"/courses_lesson/files/HQUsmani/juz13/347.JPG\" /><img alt=\"\" src=\"/courses_lesson/files/HQUsmani/juz13/348.JPG\" /><img alt=\"\" src=\"/courses_lesson/files/HQUsmani/juz13/349.JPG\" /><img alt=\"\" src=\"/courses_lesson/files/HQUsmani/juz13/350.JPG\" /><img alt=\"\" src=\"/courses_lesson/files/HQUsmani/juz13/351.JPG\" /><img alt=\"\" src=\"/courses_lesson/files/HQUsmani/juz13/352.JPG\" /><img alt=\"\" src=\"/courses_lesson/files/HQUsmani/juz13/353.JPG\" /><img alt=\"\" src=\"/courses_lesson/files/HQUsmani/juz13/354.JPG\" /><img alt=\"\" src=\"/courses_lesson/files/HQUsmani/juz13/355.JPG\" /><img alt=\"\" src=\"/courses_lesson/files/HQUsmani/juz13/356.JPG\" /><img alt=\"\" src=\"/courses_lesson/files/HQUsmani/juz13/357.JPG\" /><img alt=\"\" src=\"/courses_lesson/files/HQUsmani/juz13/358.JPG\" /><img alt=\"\" src=\"/courses_lesson/files/HQUsmani/juz13/359.JPG\" /><img alt=\"\" src=\"/courses_lesson/files/HQUsmani/juz13/360.JPG\" /><img alt=\"\" src=\"/courses_lesson/files/HQUsmani/juz13/361.JPG\" /><img alt=\"\" src=\"/courses_lesson/files/HQUsmani/juz13/362.JPG\" /><img alt=\"\" src=\"/courses_lesson/files/HQUsmani/juz13/363.JPG\" /><img alt=\"\" src=\"/courses_lesson/files/HQUsmani/juz13/364.JPG\" /></p>\r\n',NULL,NULL),
(166,5,'Juz 14','14th Juz','<p style=\"text-align: center; \">\r\n	<img alt=\"\" src=\"/courses_lesson/files/HQUsmani/juz14/365.JPG\" /><img alt=\"\" src=\"/courses_lesson/files/HQUsmani/juz14/366.JPG\" /><img alt=\"\" src=\"/courses_lesson/files/HQUsmani/juz14/367.JPG\" /><img alt=\"\" src=\"/courses_lesson/files/HQUsmani/juz14/368.JPG\" /><img alt=\"\" src=\"/courses_lesson/files/HQUsmani/juz14/369.JPG\" /><img alt=\"\" src=\"/courses_lesson/files/HQUsmani/juz14/370.JPG\" /><img alt=\"\" src=\"/courses_lesson/files/HQUsmani/juz14/371.JPG\" /><img alt=\"\" src=\"/courses_lesson/files/HQUsmani/juz14/372.JPG\" /><img alt=\"\" src=\"/courses_lesson/files/HQUsmani/juz14/373.JPG\" /><img alt=\"\" src=\"/courses_lesson/files/HQUsmani/juz14/374.JPG\" /><img alt=\"\" src=\"/courses_lesson/files/HQUsmani/juz14/375.JPG\" /><img alt=\"\" src=\"/courses_lesson/files/HQUsmani/juz14/376.JPG\" /><img alt=\"\" src=\"/courses_lesson/files/HQUsmani/juz14/377.JPG\" /><img alt=\"\" src=\"/courses_lesson/files/HQUsmani/juz14/378.JPG\" /><img alt=\"\" src=\"/courses_lesson/files/HQUsmani/juz14/379.JPG\" /><img alt=\"\" src=\"/courses_lesson/files/HQUsmani/juz14/380.JPG\" /><img alt=\"\" src=\"/courses_lesson/files/HQUsmani/juz14/381.JPG\" /><img alt=\"\" src=\"/courses_lesson/files/HQUsmani/juz14/382.JPG\" /><img alt=\"\" src=\"/courses_lesson/files/HQUsmani/juz14/383.JPG\" /><img alt=\"\" src=\"/courses_lesson/files/HQUsmani/juz14/384.JPG\" /><img alt=\"\" src=\"/courses_lesson/files/HQUsmani/juz14/385.JPG\" /><img alt=\"\" src=\"/courses_lesson/files/HQUsmani/juz14/386.JPG\" /><img alt=\"\" src=\"/courses_lesson/files/HQUsmani/juz14/387.JPG\" /><img alt=\"\" src=\"/courses_lesson/files/HQUsmani/juz14/388.JPG\" /><img alt=\"\" src=\"/courses_lesson/files/HQUsmani/juz14/389.JPG\" /><img alt=\"\" src=\"/courses_lesson/files/HQUsmani/juz14/390.JPG\" /><img alt=\"\" src=\"/courses_lesson/files/HQUsmani/juz14/391.JPG\" /><img alt=\"\" src=\"/courses_lesson/files/HQUsmani/juz14/392.JPG\" /></p>\r\n',NULL,NULL),
(167,7,'Juz 19','19th Juz','<p style=\"text-align: center;\">\r\n	<img alt=\"\" src=\"/courses_lesson/files/HQArabic/juz19/362.JPG\" /><img alt=\"\" src=\"/courses_lesson/files/HQArabic/juz19/363.JPG\" /><img alt=\"\" src=\"/courses_lesson/files/HQArabic/juz19/364.JPG\" /><img alt=\"\" src=\"/courses_lesson/files/HQArabic/juz19/365.JPG\" style=\"width: 500px; height: 752px;\" /><img alt=\"\" src=\"/courses_lesson/files/HQArabic/juz19/366.JPG\" /><img alt=\"\" src=\"/courses_lesson/files/HQArabic/juz19/367.JPG\" style=\"width: 500px; height: 752px;\" /><img alt=\"\" src=\"/courses_lesson/files/HQArabic/juz19/368.JPG\" style=\"width: 500px; height: 752px;\" /><img alt=\"\" src=\"/courses_lesson/files/HQArabic/juz19/369.JPG\" /><img alt=\"\" src=\"/courses_lesson/files/HQArabic/juz19/370.JPG\" style=\"width: 500px; height: 752px;\" /><img alt=\"\" src=\"/courses_lesson/files/HQArabic/juz19/371.JPG\" style=\"width: 500px; height: 752px;\" /><img alt=\"\" src=\"/courses_lesson/files/HQArabic/juz19/372.JPG\" style=\"width: 500px; height: 752px;\" /><img alt=\"\" src=\"/courses_lesson/files/HQArabic/juz19/373.JPG\" /><img alt=\"\" src=\"/courses_lesson/files/HQArabic/juz19/374.JPG\" style=\"width: 500px; height: 752px;\" /><img alt=\"\" src=\"/courses_lesson/files/HQArabic/juz19/375.JPG\" /><img alt=\"\" src=\"/courses_lesson/files/HQArabic/juz19/376.JPG\" style=\"width: 500px; height: 752px;\" /><img alt=\"\" src=\"/courses_lesson/files/HQArabic/juz19/377.JPG\" /><img alt=\"\" src=\"/courses_lesson/files/HQArabic/juz19/378.JPG\" /><img alt=\"\" src=\"/courses_lesson/files/HQArabic/juz19/379.JPG\" style=\"width: 500px; height: 752px;\" /><img alt=\"\" src=\"/courses_lesson/files/HQArabic/juz19/380.JPG\" /><img alt=\"\" src=\"/courses_lesson/files/HQArabic/juz19/381.JPG\" /></p>\r\n',NULL,NULL),
(168,7,'Juz 20','20th Juz','<p style=\"text-align: center;\">\r\n	<img alt=\"\" src=\"/courses_lesson/files/HQArabic/juz20/382.JPG\" /><img alt=\"\" src=\"/courses_lesson/files/HQArabic/juz20/383.JPG\" style=\"width: 500px; height: 752px;\" /><img alt=\"\" src=\"/courses_lesson/files/HQArabic/juz20/384.JPG\" style=\"width: 500px; height: 752px;\" /><img alt=\"\" src=\"/courses_lesson/files/HQArabic/juz20/385.JPG\" style=\"width: 500px; height: 752px;\" /><img alt=\"\" src=\"/courses_lesson/files/HQArabic/juz20/386.JPG\" /><img alt=\"\" src=\"/courses_lesson/files/HQArabic/juz20/387.JPG\" /><img alt=\"\" src=\"/courses_lesson/files/HQArabic/juz20/388.JPG\" /><img alt=\"\" src=\"/courses_lesson/files/HQArabic/juz20/389.JPG\" /><img alt=\"\" src=\"/courses_lesson/files/HQArabic/juz20/390.JPG\" /><img alt=\"\" src=\"/courses_lesson/files/HQArabic/juz20/391.JPG\" style=\"width: 500px; height: 752px;\" /><img alt=\"\" src=\"/courses_lesson/files/HQArabic/juz20/392.JPG\" /><img alt=\"\" src=\"/courses_lesson/files/HQArabic/juz20/393.JPG\" /><img alt=\"\" src=\"/courses_lesson/files/HQArabic/juz20/394.JPG\" /><img alt=\"\" src=\"/courses_lesson/files/HQArabic/juz20/395.JPG\" /><img alt=\"\" src=\"/courses_lesson/files/HQArabic/juz20/396.JPG\" /><img alt=\"\" src=\"/courses_lesson/files/HQArabic/juz20/397.JPG\" /><img alt=\"\" src=\"/courses_lesson/files/HQArabic/juz20/398.JPG\" /><img alt=\"\" src=\"/courses_lesson/files/HQArabic/juz20/399.JPG\" /><img alt=\"\" src=\"/courses_lesson/files/HQArabic/juz20/400.JPG\" /><img alt=\"\" src=\"/courses_lesson/files/HQArabic/juz20/401.JPG\" /></p>\r\n',NULL,NULL),
(169,5,'Juz 15','15th Juz','<p style=\"text-align: center; \">\r\n	<img alt=\"\" src=\"/courses_lesson/files/HQUsmani/juz15/393.JPG\" /><img alt=\"\" src=\"/courses_lesson/files/HQUsmani/juz15/394.JPG\" /><img alt=\"\" src=\"/courses_lesson/files/HQUsmani/juz15/395.JPG\" /><img alt=\"\" src=\"/courses_lesson/files/HQUsmani/juz15/396.JPG\" /><img alt=\"\" src=\"/courses_lesson/files/HQUsmani/juz15/397.JPG\" /><img alt=\"\" src=\"/courses_lesson/files/HQUsmani/juz15/398.JPG\" /><img alt=\"\" src=\"/courses_lesson/files/HQUsmani/juz15/399.JPG\" /><img alt=\"\" src=\"/courses_lesson/files/HQUsmani/juz15/400.JPG\" /><img alt=\"\" src=\"/courses_lesson/files/HQUsmani/juz15/401.JPG\" /><img alt=\"\" src=\"/courses_lesson/files/HQUsmani/juz15/402.JPG\" /><img alt=\"\" src=\"/courses_lesson/files/HQUsmani/juz15/403.JPG\" /><img alt=\"\" src=\"/courses_lesson/files/HQUsmani/juz15/404.JPG\" /><img alt=\"\" src=\"/courses_lesson/files/HQUsmani/juz15/405.JPG\" /><img alt=\"\" src=\"/courses_lesson/files/HQUsmani/juz15/406.JPG\" /><img alt=\"\" src=\"/courses_lesson/files/HQUsmani/juz15/407.JPG\" /><img alt=\"\" src=\"/courses_lesson/files/HQUsmani/juz15/408.JPG\" /><img alt=\"\" src=\"/courses_lesson/files/HQUsmani/juz15/409.JPG\" /><img alt=\"\" src=\"/courses_lesson/files/HQUsmani/juz15/410.JPG\" /><img alt=\"\" src=\"/courses_lesson/files/HQUsmani/juz15/411.JPG\" /><img alt=\"\" src=\"/courses_lesson/files/HQUsmani/juz15/412.JPG\" /><img alt=\"\" src=\"/courses_lesson/files/HQUsmani/juz15/413.JPG\" /><img alt=\"\" src=\"/courses_lesson/files/HQUsmani/juz15/414.JPG\" /><img alt=\"\" src=\"/courses_lesson/files/HQUsmani/juz15/415.JPG\" /><img alt=\"\" src=\"/courses_lesson/files/HQUsmani/juz15/416.JPG\" /><img alt=\"\" src=\"/courses_lesson/files/HQUsmani/juz15/417.JPG\" /><img alt=\"\" src=\"/courses_lesson/files/HQUsmani/juz15/418.JPG\" /><img alt=\"\" src=\"/courses_lesson/files/HQUsmani/juz15/419.JPG\" /><img alt=\"\" src=\"/courses_lesson/files/HQUsmani/juz15/420.JPG\" /></p>\r\n',NULL,NULL),
(170,5,'Juz 16','16th Juz','<p style=\"text-align: center; \">\r\n	<img alt=\"\" src=\"/courses_lesson/files/HQUsmani/juz16/421.JPG\" /><img alt=\"\" src=\"/courses_lesson/files/HQUsmani/juz16/422.JPG\" /><img alt=\"\" src=\"/courses_lesson/files/HQUsmani/juz16/423.JPG\" /><img alt=\"\" src=\"/courses_lesson/files/HQUsmani/juz16/424.JPG\" /><img alt=\"\" src=\"/courses_lesson/files/HQUsmani/juz16/425.JPG\" /><img alt=\"\" src=\"/courses_lesson/files/HQUsmani/juz16/426.JPG\" /><img alt=\"\" src=\"/courses_lesson/files/HQUsmani/juz16/427.JPG\" /><img alt=\"\" src=\"/courses_lesson/files/HQUsmani/juz16/428.JPG\" /><img alt=\"\" src=\"/courses_lesson/files/HQUsmani/juz16/429.JPG\" /><img alt=\"\" src=\"/courses_lesson/files/HQUsmani/juz16/430.JPG\" /><img alt=\"\" src=\"/courses_lesson/files/HQUsmani/juz16/431.JPG\" /><img alt=\"\" src=\"/courses_lesson/files/HQUsmani/juz16/432.JPG\" /><img alt=\"\" src=\"/courses_lesson/files/HQUsmani/juz16/433.JPG\" /><img alt=\"\" src=\"/courses_lesson/files/HQUsmani/juz16/434.JPG\" /><img alt=\"\" src=\"/courses_lesson/files/HQUsmani/juz16/435.JPG\" /><img alt=\"\" src=\"/courses_lesson/files/HQUsmani/juz16/436.JPG\" /><img alt=\"\" src=\"/courses_lesson/files/HQUsmani/juz16/437.JPG\" /><img alt=\"\" src=\"/courses_lesson/files/HQUsmani/juz16/438.JPG\" /><img alt=\"\" src=\"/courses_lesson/files/HQUsmani/juz16/439.JPG\" /><img alt=\"\" src=\"/courses_lesson/files/HQUsmani/juz16/440.JPG\" /><img alt=\"\" src=\"/courses_lesson/files/HQUsmani/juz16/441.JPG\" /><img alt=\"\" src=\"/courses_lesson/files/HQUsmani/juz16/442.JPG\" /><img alt=\"\" src=\"/courses_lesson/files/HQUsmani/juz16/443.JPG\" /><img alt=\"\" src=\"/courses_lesson/files/HQUsmani/juz16/444.JPG\" /><img alt=\"\" src=\"/courses_lesson/files/HQUsmani/juz16/445.JPG\" /><img alt=\"\" src=\"/courses_lesson/files/HQUsmani/juz16/446.JPG\" /><img alt=\"\" src=\"/courses_lesson/files/HQUsmani/juz16/447.JPG\" /><img alt=\"\" src=\"/courses_lesson/files/HQUsmani/juz16/448.JPG\" /></p>\r\n',NULL,NULL),
(171,5,'Juz 17','17th Juz','<p style=\"text-align: center; \">\r\n	<img alt=\"\" src=\"/courses_lesson/files/HQUsmani/juz17/449.JPG\" /><img alt=\"\" src=\"/courses_lesson/files/HQUsmani/juz17/450.JPG\" /><img alt=\"\" src=\"/courses_lesson/files/HQUsmani/juz17/451.JPG\" /><img alt=\"\" src=\"/courses_lesson/files/HQUsmani/juz17/452.JPG\" /><img alt=\"\" src=\"/courses_lesson/files/HQUsmani/juz17/453.JPG\" /><img alt=\"\" src=\"/courses_lesson/files/HQUsmani/juz17/454.JPG\" /><img alt=\"\" src=\"/courses_lesson/files/HQUsmani/juz17/455.JPG\" /><img alt=\"\" src=\"/courses_lesson/files/HQUsmani/juz17/456.JPG\" /><img alt=\"\" src=\"/courses_lesson/files/HQUsmani/juz17/457.JPG\" /><img alt=\"\" src=\"/courses_lesson/files/HQUsmani/juz17/458.JPG\" /><img alt=\"\" src=\"/courses_lesson/files/HQUsmani/juz17/459.JPG\" /><img alt=\"\" src=\"/courses_lesson/files/HQUsmani/juz17/460.JPG\" /><img alt=\"\" src=\"/courses_lesson/files/HQUsmani/juz17/461.JPG\" /><img alt=\"\" src=\"/courses_lesson/files/HQUsmani/juz17/462.JPG\" /><img alt=\"\" src=\"/courses_lesson/files/HQUsmani/juz17/463.JPG\" /><img alt=\"\" src=\"/courses_lesson/files/HQUsmani/juz17/464.JPG\" /><img alt=\"\" src=\"/courses_lesson/files/HQUsmani/juz17/465.JPG\" /><img alt=\"\" src=\"/courses_lesson/files/HQUsmani/juz17/466.JPG\" /><img alt=\"\" src=\"/courses_lesson/files/HQUsmani/juz17/467.JPG\" /><img alt=\"\" src=\"/courses_lesson/files/HQUsmani/juz17/468.JPG\" /><img alt=\"\" src=\"/courses_lesson/files/HQUsmani/juz17/469.JPG\" /><img alt=\"\" src=\"/courses_lesson/files/HQUsmani/juz17/470.JPG\" /><img alt=\"\" src=\"/courses_lesson/files/HQUsmani/juz17/471.JPG\" /><img alt=\"\" src=\"/courses_lesson/files/HQUsmani/juz17/472.JPG\" /><img alt=\"\" src=\"/courses_lesson/files/HQUsmani/juz17/473.JPG\" /><img alt=\"\" src=\"/courses_lesson/files/HQUsmani/juz17/474.JPG\" /><img alt=\"\" src=\"/courses_lesson/files/HQUsmani/juz17/475.JPG\" /><img alt=\"\" src=\"/courses_lesson/files/HQUsmani/juz17/476.JPG\" /></p>\r\n',NULL,NULL),
(172,5,'Juz 18','18th Juz','<p style=\"text-align: center; \">\r\n	<img alt=\"\" src=\"/courses_lesson/files/HQUsmani/juz18/477.JPG\" /><img alt=\"\" src=\"/courses_lesson/files/HQUsmani/juz18/478.JPG\" /><img alt=\"\" src=\"/courses_lesson/files/HQUsmani/juz18/479.JPG\" /><img alt=\"\" src=\"/courses_lesson/files/HQUsmani/juz18/480.JPG\" /><img alt=\"\" src=\"/courses_lesson/files/HQUsmani/juz18/481.JPG\" /><img alt=\"\" src=\"/courses_lesson/files/HQUsmani/juz18/482.JPG\" /><img alt=\"\" src=\"/courses_lesson/files/HQUsmani/juz18/483.JPG\" /><img alt=\"\" src=\"/courses_lesson/files/HQUsmani/juz18/484.JPG\" /><img alt=\"\" src=\"/courses_lesson/files/HQUsmani/juz18/485.JPG\" /><img alt=\"\" src=\"/courses_lesson/files/HQUsmani/juz18/486.JPG\" /><img alt=\"\" src=\"/courses_lesson/files/HQUsmani/juz18/487.JPG\" /><img alt=\"\" src=\"/courses_lesson/files/HQUsmani/juz18/488.JPG\" /><img alt=\"\" src=\"/courses_lesson/files/HQUsmani/juz18/489.JPG\" /><img alt=\"\" src=\"/courses_lesson/files/HQUsmani/juz18/490.JPG\" /><img alt=\"\"\r\nsrc=\"/courses_lesson/files/HQUsmani/juz18/491.JPG\" /><img alt=\"\" \r\nsrc=\"/courses_lesson/files/HQUsmani/juz18/492.JPG\" /><img alt=\"\" src=\"/courses_lesson/files/HQUsmani/juz18/493.JPG\" /><img alt=\"\" src=\"/courses_lesson/files/HQUsmani/juz18/494.JPG\" /><img alt=\"\" src=\"/courses_lesson/files/HQUsmani/juz18/495.JPG\" /><img alt=\"\" src=\"/courses_lesson/files/HQUsmani/juz18/496.JPG\" /><img alt=\"\" src=\"/courses_lesson/files/HQUsmani/juz18/497.JPG\" /><img alt=\"\" src=\"/courses_lesson/files/HQUsmani/juz18/498.JPG\" /><img alt=\"\" src=\"/courses_lesson/files/HQUsmani/juz18/499.JPG\" /><img alt=\"\" src=\"/courses_lesson/files/HQUsmani/juz18/500.JPG\" /><img alt=\"\" src=\"/courses_lesson/files/HQUsmani/juz18/501.JPG\" /><img alt=\"\" src=\"/courses_lesson/files/HQUsmani/juz18/502.JPG\" /><img alt=\"\" src=\"/courses_lesson/files/HQUsmani/juz18/503.JPG\" /><img alt=\"\" src=\"/courses_lesson/files/HQUsmani/juz18/504.JPG\" /></p>',NULL,NULL),
(173,5,'Juz 19','19th Juz','<p style=\"text-align: center; \">\r\n	<img alt=\"\" src=\"/courses_lesson/files/HQUsmani/juz19/505.JPG\" /><img alt=\"\" src=\"/courses_lesson/files/HQUsmani/juz19/506.JPG\" /><img alt=\"\" src=\"/courses_lesson/files/HQUsmani/juz19/507.JPG\" /><img alt=\"\" src=\"/courses_lesson/files/HQUsmani/juz19/508.JPG\" /><img alt=\"\" src=\"/courses_lesson/files/HQUsmani/juz19/509.JPG\" /><img alt=\"\" src=\"/courses_lesson/files/HQUsmani/juz19/510.JPG\" /><img alt=\"\" src=\"/courses_lesson/files/HQUsmani/juz19/511.JPG\" /><img alt=\"\" src=\"/courses_lesson/files/HQUsmani/juz19/512.JPG\" /><img alt=\"\" src=\"/courses_lesson/files/HQUsmani/juz19/513.JPG\" /><img alt=\"\" src=\"/courses_lesson/files/HQUsmani/juz19/514.JPG\" /><img alt=\"\" src=\"/courses_lesson/files/HQUsmani/juz19/515.JPG\" /><img alt=\"\" src=\"/courses_lesson/files/HQUsmani/juz19/516.JPG\" /><img alt=\"\" src=\"/courses_lesson/files/HQUsmani/juz19/517.JPG\" /><img alt=\"\" src=\"/courses_lesson/files/HQUsmani/juz19/518.JPG\" /><img alt=\"\"\r\nsrc=\"/courses_lesson/files/HQUsmani/juz19/519.JPG\" /><img alt=\"\" \r\nsrc=\"/courses_lesson/files/HQUsmani/juz19/520.JPG\" /><img alt=\"\" src=\"/courses_lesson/files/HQUsmani/juz19/521.JPG\" /><img alt=\"\" src=\"/courses_lesson/files/HQUsmani/juz19/522.JPG\" /><img alt=\"\" src=\"/courses_lesson/files/HQUsmani/juz19/523.JPG\" /><img alt=\"\" src=\"/courses_lesson/files/HQUsmani/juz19/524.JPG\" /><img alt=\"\" src=\"/courses_lesson/files/HQUsmani/juz19/525.JPG\" /><img alt=\"\" src=\"/courses_lesson/files/HQUsmani/juz19/526.JPG\" /><img alt=\"\" src=\"/courses_lesson/files/HQUsmani/juz19/527.JPG\" /><img alt=\"\" src=\"/courses_lesson/files/HQUsmani/juz19/528.JPG\" /><img alt=\"\" src=\"/courses_lesson/files/HQUsmani/juz19/529.JPG\" /><img alt=\"\" src=\"/courses_lesson/files/HQUsmani/juz19/530.JPG\" /><img alt=\"\" src=\"/courses_lesson/files/HQUsmani/juz19/531.JPG\" /><img alt=\"\" src=\"/courses_lesson/files/HQUsmani/juz19/532.JPG\" /></p>',NULL,NULL),
(174,5,'Juz 20','20th Juz','<p style=\"text-align: center; \">\r\n	<img alt=\"\" src=\"/courses_lesson/files/HQUsmani/juz20/533.JPG\" /><img alt=\"\" src=\"/courses_lesson/files/HQUsmani/juz20/534.JPG\" /><img alt=\"\" src=\"/courses_lesson/files/HQUsmani/juz20/535.JPG\" /><img alt=\"\" src=\"/courses_lesson/files/HQUsmani/juz20/536.JPG\" /><img alt=\"\" src=\"/courses_lesson/files/HQUsmani/juz20/537.JPG\" /><img alt=\"\" src=\"/courses_lesson/files/HQUsmani/juz20/538.JPG\" /><img alt=\"\" src=\"/courses_lesson/files/HQUsmani/juz20/539.JPG\" /><img alt=\"\" src=\"/courses_lesson/files/HQUsmani/juz20/540.JPG\" /><img alt=\"\" src=\"/courses_lesson/files/HQUsmani/juz20/541.JPG\" /><img alt=\"\" src=\"/courses_lesson/files/HQUsmani/juz20/542.JPG\" /><img alt=\"\" src=\"/courses_lesson/files/HQUsmani/juz20/543.JPG\" /><img alt=\"\" src=\"/courses_lesson/files/HQUsmani/juz20/544.JPG\" /><img alt=\"\" src=\"/courses_lesson/files/HQUsmani/juz20/545.JPG\" /><img alt=\"\" src=\"/courses_lesson/files/HQUsmani/juz20/546.JPG\" /><img alt=\"\" src=\"/courses_lesson/files/HQUsmani/juz20/547.JPG\" /><img alt=\"\" src=\"/courses_lesson/files/HQUsmani/juz20/548.JPG\" /><img alt=\"\" src=\"/courses_lesson/files/HQUsmani/juz20/549.JPG\" /><img alt=\"\" src=\"/courses_lesson/files/HQUsmani/juz20/550.JPG\" /><img alt=\"\" src=\"/courses_lesson/files/HQUsmani/juz20/551.JPG\" /><img alt=\"\" src=\"/courses_lesson/files/HQUsmani/juz20/552.JPG\" /><img alt=\"\" src=\"/courses_lesson/files/HQUsmani/juz20/553.JPG\" /><img alt=\"\" src=\"/courses_lesson/files/HQUsmani/juz20/554.JPG\" /><img alt=\"\" src=\"/courses_lesson/files/HQUsmani/juz20/555.JPG\" /><img alt=\"\" src=\"/courses_lesson/files/HQUsmani/juz20/556.JPG\" /><img alt=\"\" src=\"/courses_lesson/files/HQUsmani/juz20/557.JPG\" /><img alt=\"\" src=\"/courses_lesson/files/HQUsmani/juz20/558.JPG\" /></p>\r\n',NULL,NULL),
(175,5,'Juz 21','21st Juz','<p style=\"text-align: center; \">\r\n	<img alt=\"\" src=\"/courses_lesson/files/HQUsmani/juz21/559.JPG\" /><img alt=\"\" src=\"/courses_lesson/files/HQUsmani/juz21/560.JPG\" /><img alt=\"\" src=\"/courses_lesson/files/HQUsmani/juz21/561.JPG\" /><img alt=\"\" src=\"/courses_lesson/files/HQUsmani/juz21/562.JPG\" /><img alt=\"\" src=\"/courses_lesson/files/HQUsmani/juz21/563.JPG\" /><img alt=\"\" src=\"/courses_lesson/files/HQUsmani/juz21/564.JPG\" /><img alt=\"\" src=\"/courses_lesson/files/HQUsmani/juz21/565.JPG\" /><img alt=\"\" src=\"/courses_lesson/files/HQUsmani/juz21/566.JPG\" /><img alt=\"\" src=\"/courses_lesson/files/HQUsmani/juz21/567.JPG\" /><img alt=\"\" src=\"/courses_lesson/files/HQUsmani/juz21/568.JPG\" /><img alt=\"\" src=\"/courses_lesson/files/HQUsmani/juz21/569.JPG\" /><img alt=\"\" src=\"/courses_lesson/files/HQUsmani/juz21/570.JPG\" /><img alt=\"\" src=\"/courses_lesson/files/HQUsmani/juz21/571.JPG\" /><img alt=\"\" src=\"/courses_lesson/files/HQUsmani/juz21/572.JPG\" /><img alt=\"\"\r\nsrc=\"/courses_lesson/files/HQUsmani/juz21/573.JPG\" /><img alt=\"\" \r\nsrc=\"/courses_lesson/files/HQUsmani/juz21/574.JPG\" /><img alt=\"\" src=\"/courses_lesson/files/HQUsmani/juz21/575.JPG\" /><img alt=\"\" src=\"/courses_lesson/files/HQUsmani/juz21/576.JPG\" /><img alt=\"\" src=\"/courses_lesson/files/HQUsmani/juz21/577.JPG\" /><img alt=\"\" src=\"/courses_lesson/files/HQUsmani/juz21/578.JPG\" /><img alt=\"\" src=\"/courses_lesson/files/HQUsmani/juz21/579.JPG\" /><img alt=\"\" src=\"/courses_lesson/files/HQUsmani/juz21/580.JPG\" /><img alt=\"\" src=\"/courses_lesson/files/HQUsmani/juz21/581.JPG\" /><img alt=\"\" src=\"/courses_lesson/files/HQUsmani/juz21/582.JPG\" /><img alt=\"\" src=\"/courses_lesson/files/HQUsmani/juz21/583.JPG\" /><img alt=\"\" src=\"/courses_lesson/files/HQUsmani/juz21/584.JPG\" /><img alt=\"\" src=\"/courses_lesson/files/HQUsmani/juz21/585.JPG\" /><img alt=\"\" src=\"/courses_lesson/files/HQUsmani/juz21/586.JPG\" /></p>',NULL,NULL),
(176,5,'Juz 22','22nd Juz','<p style=\"text-align: center; \">\r\n	<img alt=\"\" src=\"/courses_lesson/files/HQUsmani/juz22/587.JPG\" /><img alt=\"\" src=\"/courses_lesson/files/HQUsmani/juz22/588.JPG\" /><img alt=\"\" src=\"/courses_lesson/files/HQUsmani/juz22/589.JPG\" /><img alt=\"\" src=\"/courses_lesson/files/HQUsmani/juz22/590.JPG\" /><img alt=\"\" src=\"/courses_lesson/files/HQUsmani/juz22/591.JPG\" /><img alt=\"\" src=\"/courses_lesson/files/HQUsmani/juz22/592.JPG\" /><img alt=\"\" src=\"/courses_lesson/files/HQUsmani/juz22/593.JPG\" /><img alt=\"\" src=\"/courses_lesson/files/HQUsmani/juz22/594.JPG\" /><img alt=\"\" src=\"/courses_lesson/files/HQUsmani/juz22/595.JPG\" /><img alt=\"\" src=\"/courses_lesson/files/HQUsmani/juz22/596.JPG\" /><img alt=\"\" src=\"/courses_lesson/files/HQUsmani/juz22/597.JPG\" /><img alt=\"\" src=\"/courses_lesson/files/HQUsmani/juz22/598.JPG\" /><img alt=\"\" src=\"/courses_lesson/files/HQUsmani/juz22/599.JPG\" /><img alt=\"\" src=\"/courses_lesson/files/HQUsmani/juz22/600.JPG\" /><img alt=\"\" src=\"/courses_lesson/files/HQUsmani/juz22/601.JPG\" /><img alt=\"\" src=\"/courses_lesson/files/HQUsmani/juz22/602.JPG\" /><img alt=\"\" src=\"/courses_lesson/files/HQUsmani/juz22/603.JPG\" /><img alt=\"\" src=\"/courses_lesson/files/HQUsmani/juz22/604.JPG\" /><img alt=\"\" src=\"/courses_lesson/files/HQUsmani/juz22/605.JPG\" /><img alt=\"\" src=\"/courses_lesson/files/HQUsmani/juz22/606.JPG\" /><img alt=\"\" src=\"/courses_lesson/files/HQUsmani/juz22/607.JPG\" /><img alt=\"\" src=\"/courses_lesson/files/HQUsmani/juz22/608.JPG\" /><img alt=\"\" src=\"/courses_lesson/files/HQUsmani/juz22/609.JPG\" /><img alt=\"\" src=\"/courses_lesson/files/HQUsmani/juz22/610.JPG\" /><img alt=\"\" src=\"/courses_lesson/files/HQUsmani/juz22/611.JPG\" /><img alt=\"\" src=\"/courses_lesson/files/HQUsmani/juz22/612.JPG\" /></p>\r\n',NULL,NULL),
(177,5,'Juz 23','23rd Juz','<p style=\"text-align: center; \">\r\n	<img alt=\"\" src=\"/courses_lesson/files/HQUsmani/juz23/613.JPG\" /><img alt=\"\" src=\"/courses_lesson/files/HQUsmani/juz23/614.JPG\" /><img alt=\"\" src=\"/courses_lesson/files/HQUsmani/juz23/615.JPG\" /><img alt=\"\" src=\"/courses_lesson/files/HQUsmani/juz23/616.JPG\" /><img alt=\"\" src=\"/courses_lesson/files/HQUsmani/juz23/617.JPG\" /><img alt=\"\" src=\"/courses_lesson/files/HQUsmani/juz23/618.JPG\" /><img alt=\"\" src=\"/courses_lesson/files/HQUsmani/juz23/619.JPG\" /><img alt=\"\" src=\"/courses_lesson/files/HQUsmani/juz23/620.JPG\" /><img alt=\"\" src=\"/courses_lesson/files/HQUsmani/juz23/621.JPG\" /><img alt=\"\" src=\"/courses_lesson/files/HQUsmani/juz23/622.JPG\" /><img alt=\"\" src=\"/courses_lesson/files/HQUsmani/juz23/623.JPG\" /><img alt=\"\" src=\"/courses_lesson/files/HQUsmani/juz23/624.JPG\" /><img alt=\"\" src=\"/courses_lesson/files/HQUsmani/juz23/625.JPG\" /><img alt=\"\"\r\nsrc=\"/courses_lesson/files/HQUsmani/juz23/626.JPG\" /><img alt=\"\" \r\nsrc=\"/courses_lesson/files/HQUsmani/juz23/627.JPG\" /><img alt=\"\" src=\"/courses_lesson/files/HQUsmani/juz23/628.JPG\" /><img alt=\"\" src=\"/courses_lesson/files/HQUsmani/juz23/629.JPG\" /><img alt=\"\" src=\"/courses_lesson/files/HQUsmani/juz23/630.JPG\" /><img alt=\"\" src=\"/courses_lesson/files/HQUsmani/juz23/631.JPG\" /><img alt=\"\" src=\"/courses_lesson/files/HQUsmani/juz23/632.JPG\" /><img alt=\"\" src=\"/courses_lesson/files/HQUsmani/juz23/633.JPG\" /><img alt=\"\" src=\"/courses_lesson/files/HQUsmani/juz23/634.JPG\" /><img alt=\"\" src=\"/courses_lesson/files/HQUsmani/juz23/635.JPG\" /><img alt=\"\" src=\"/courses_lesson/files/HQUsmani/juz23/636.JPG\" /><img alt=\"\" src=\"/courses_lesson/files/HQUsmani/juz23/637.JPG\" /><img alt=\"\"\r\nsrc=\"/courses_lesson/files/HQUsmani/juz23/638.JPG\" /><img alt=\"\" src=\"/courses_lesson/files/HQUsmani/juz23/639.JPG\" /><img alt=\"\"  src=\"/courses_lesson/files/HQUsmani/juz23/640.JPG\" /></p>',NULL,NULL),
(178,5,'Juz 24','24th Juz','<p style=\"text-align: center; \">\r\n	<img alt=\"\" src=\"/courses_lesson/files/HQUsmani/juz24/641.JPG\" /><img alt=\"\" src=\"/courses_lesson/files/HQUsmani/juz24/642.JPG\" /><img alt=\"\" src=\"/courses_lesson/files/HQUsmani/juz24/643.JPG\" /><img alt=\"\" src=\"/courses_lesson/files/HQUsmani/juz24/644.JPG\" /><img alt=\"\" src=\"/courses_lesson/files/HQUsmani/juz24/645.JPG\" /><img alt=\"\" src=\"/courses_lesson/files/HQUsmani/juz24/646.JPG\" /><img alt=\"\" src=\"/courses_lesson/files/HQUsmani/juz24/647.JPG\" /><img alt=\"\" src=\"/courses_lesson/files/HQUsmani/juz24/648.JPG\" /><img alt=\"\" src=\"/courses_lesson/files/HQUsmani/juz24/649.JPG\" /><img alt=\"\" src=\"/courses_lesson/files/HQUsmani/juz24/650.JPG\" /><img alt=\"\" src=\"/courses_lesson/files/HQUsmani/juz24/651.JPG\" /><img alt=\"\" src=\"/courses_lesson/files/HQUsmani/juz24/652.JPG\" /><img alt=\"\" src=\"/courses_lesson/files/HQUsmani/juz24/653.JPG\" /><img alt=\"\" src=\"/courses_lesson/files/HQUsmani/juz24/654.JPG\" /><img alt=\"\" src=\"/courses_lesson/files/HQUsmani/juz24/655.JPG\" /><img alt=\"\" src=\"/courses_lesson/files/HQUsmani/juz24/656.JPG\" /><img alt=\"\" src=\"/courses_lesson/files/HQUsmani/juz24/657.JPG\" /><img alt=\"\" src=\"/courses_lesson/files/HQUsmani/juz24/658.JPG\" /><img alt=\"\" src=\"/courses_lesson/files/HQUsmani/juz24/659.JPG\" /><img alt=\"\" src=\"/courses_lesson/files/HQUsmani/juz24/660.JPG\" /><img alt=\"\" src=\"/courses_lesson/files/HQUsmani/juz24/661.JPG\" /><img alt=\"\" src=\"/courses_lesson/files/HQUsmani/juz24/662.JPG\" /><img alt=\"\" src=\"/courses_lesson/files/HQUsmani/juz24/663.JPG\" /><img alt=\"\" src=\"/courses_lesson/files/HQUsmani/juz24/664.JPG\" /><img alt=\"\" src=\"/courses_lesson/files/HQUsmani/juz24/665.JPG\" /><img alt=\"\" src=\"/courses_lesson/files/HQUsmani/juz24/666.JPG\" /></p>\r\n',NULL,NULL),
(179,5,'Juz 25','25th Juz','<p style=\"text-align: center; \">\r\n	<img alt=\"\" src=\"/courses_lesson/files/HQUsmani/juz25/667.JPG\" /><img alt=\"\" src=\"/courses_lesson/files/HQUsmani/juz25/668.JPG\" /><img alt=\"\" src=\"/courses_lesson/files/HQUsmani/juz25/669.JPG\" /><img alt=\"\" src=\"/courses_lesson/files/HQUsmani/juz25/670.JPG\" /><img alt=\"\" src=\"/courses_lesson/files/HQUsmani/juz25/671.JPG\" /><img alt=\"\" src=\"/courses_lesson/files/HQUsmani/juz25/672.JPG\" /><img alt=\"\" src=\"/courses_lesson/files/HQUsmani/juz25/673.JPG\" /><img alt=\"\" src=\"/courses_lesson/files/HQUsmani/juz25/674.JPG\" /><img alt=\"\" src=\"/courses_lesson/files/HQUsmani/juz25/675.JPG\" /><img alt=\"\" src=\"/courses_lesson/files/HQUsmani/juz25/676.JPG\" /><img alt=\"\" src=\"/courses_lesson/files/HQUsmani/juz25/677.JPG\" /><img alt=\"\" src=\"/courses_lesson/files/HQUsmani/juz25/678.JPG\" /><img alt=\"\" src=\"/courses_lesson/files/HQUsmani/juz25/679.JPG\" /><img alt=\"\" src=\"/courses_lesson/files/HQUsmani/juz25/680.JPG\" /><img alt=\"\" src=\"/courses_lesson/files/HQUsmani/juz25/681.JPG\" /><img alt=\"\" src=\"/courses_lesson/files/HQUsmani/juz25/682.JPG\" /><img alt=\"\" src=\"/courses_lesson/files/HQUsmani/juz25/683.JPG\" /><img alt=\"\" src=\"/courses_lesson/files/HQUsmani/juz25/684.JPG\" /><img alt=\"\" src=\"/courses_lesson/files/HQUsmani/juz25/685.JPG\" /><img alt=\"\" src=\"/courses_lesson/files/HQUsmani/juz25/686.JPG\" /><img alt=\"\" src=\"/courses_lesson/files/HQUsmani/juz25/687.JPG\" /><img alt=\"\" src=\"/courses_lesson/files/HQUsmani/juz25/688.JPG\" /><img alt=\"\" src=\"/courses_lesson/files/HQUsmani/juz25/689.JPG\" /><img alt=\"\" src=\"/courses_lesson/files/HQUsmani/juz25/690.JPG\" /><img alt=\"\" src=\"/courses_lesson/files/HQUsmani/juz25/691.JPG\" /><img alt=\"\" src=\"/courses_lesson/files/HQUsmani/juz25/692.JPG\" /><img alt=\"\" src=\"/courses_lesson/files/HQUsmani/juz25/693.JPG\" /><img alt=\"\" src=\"/courses_lesson/files/HQUsmani/juz25/694.JPG\" /><img alt=\"\" src=\"/courses_lesson/files/HQUsmani/juz25/695.JPG\" /><img alt=\"\" src=\"/courses_lesson/files/HQUsmani/juz25/696.JPG\" /></p>\r\n',NULL,NULL),
(180,5,'Juz 26','26th Juz','<p style=\"text-align: center; \">\r\n	<img alt=\"\" src=\"/courses_lesson/files/HQUsmani/juz26/697.JPG\" /><img alt=\"\" src=\"/courses_lesson/files/HQUsmani/juz26/698.JPG\" /><img alt=\"\" src=\"/courses_lesson/files/HQUsmani/juz26/699.JPG\" /><img alt=\"\" src=\"/courses_lesson/files/HQUsmani/juz26/700.JPG\" /><img alt=\"\" src=\"/courses_lesson/files/HQUsmani/juz26/701.JPG\" /><img alt=\"\" src=\"/courses_lesson/files/HQUsmani/juz26/702.JPG\" /><img alt=\"\" src=\"/courses_lesson/files/HQUsmani/juz26/703.JPG\" /><img alt=\"\" src=\"/courses_lesson/files/HQUsmani/juz26/704.JPG\" /><img alt=\"\" src=\"/courses_lesson/files/HQUsmani/juz26/705.JPG\" /><img alt=\"\" src=\"/courses_lesson/files/HQUsmani/juz26/706.JPG\" /><img alt=\"\" src=\"/courses_lesson/files/HQUsmani/juz26/707.JPG\" /><img alt=\"\" src=\"/courses_lesson/files/HQUsmani/juz26/708.JPG\" /><img alt=\"\" src=\"/courses_lesson/files/HQUsmani/juz26/709.JPG\" /><img alt=\"\" src=\"/courses_lesson/files/HQUsmani/juz26/710.JPG\" /><img alt=\"\" src=\"/courses_lesson/files/HQUsmani/juz26/711.JPG\" /><img alt=\"\" src=\"/courses_lesson/files/HQUsmani/juz26/712.JPG\" /><img alt=\"\" src=\"/courses_lesson/files/HQUsmani/juz26/713.JPG\" /><img alt=\"\" src=\"/courses_lesson/files/HQUsmani/juz26/714.JPG\" /><img alt=\"\" src=\"/courses_lesson/files/HQUsmani/juz26/715.JPG\" /><img alt=\"\" src=\"/courses_lesson/files/HQUsmani/juz26/716.JPG\" /><img alt=\"\" src=\"/courses_lesson/files/HQUsmani/juz26/717.JPG\" /><img alt=\"\" src=\"/courses_lesson/files/HQUsmani/juz26/718.JPG\" /><img alt=\"\" src=\"/courses_lesson/files/HQUsmani/juz26/719.JPG\" /><img alt=\"\" src=\"/courses_lesson/files/HQUsmani/juz26/720.JPG\" /><img alt=\"\" src=\"/courses_lesson/files/HQUsmani/juz26/721.JPG\" /><img alt=\"\" src=\"/courses_lesson/files/HQUsmani/juz26/722.JPG\" /><img alt=\"\" src=\"/courses_lesson/files/HQUsmani/juz26/723.JPG\" /><img alt=\"\" src=\"/courses_lesson/files/HQUsmani/juz26/724.JPG\" /><img alt=\"\" src=\"/courses_lesson/files/HQUsmani/juz26/725.JPG\" /><img alt=\"\" src=\"/courses_lesson/files/HQUsmani/juz26/726.JPG\" /></p>\r\n',NULL,NULL),
(181,5,'Juz 27','27th Juz','<p style=\"text-align: center; \">\r\n	<img alt=\"\" src=\"/courses_lesson/files/HQUsmani/juz27/727.JPG\" /><img alt=\"\" src=\"/courses_lesson/files/HQUsmani/juz27/728.JPG\" /><img alt=\"\" src=\"/courses_lesson/files/HQUsmani/juz27/729.JPG\" /><img alt=\"\" src=\"/courses_lesson/files/HQUsmani/juz27/730.JPG\" /><img alt=\"\" src=\"/courses_lesson/files/HQUsmani/juz27/731.JPG\" /><img alt=\"\" src=\"/courses_lesson/files/HQUsmani/juz27/732.JPG\" /><img alt=\"\" src=\"/courses_lesson/files/HQUsmani/juz27/733.JPG\" /><img alt=\"\" src=\"/courses_lesson/files/HQUsmani/juz27/734.JPG\" /><img alt=\"\" src=\"/courses_lesson/files/HQUsmani/juz27/735.JPG\" /><img alt=\"\" src=\"/courses_lesson/files/HQUsmani/juz27/736.JPG\" /><img alt=\"\" src=\"/courses_lesson/files/HQUsmani/juz27/737.JPG\" /><img alt=\"\" src=\"/courses_lesson/files/HQUsmani/juz27/738.JPG\" /><img alt=\"\" src=\"/courses_lesson/files/HQUsmani/juz27/739.JPG\" /><img alt=\"\" src=\"/courses_lesson/files/HQUsmani/juz27/740.JPG\" /><img alt=\"\" src=\"/courses_lesson/files/HQUsmani/juz27/741.JPG\" /><img alt=\"\" src=\"/courses_lesson/files/HQUsmani/juz27/742.JPG\" /><img alt=\"\" src=\"/courses_lesson/files/HQUsmani/juz27/743.JPG\" /><img alt=\"\" src=\"/courses_lesson/files/HQUsmani/juz27/744.JPG\" /><img alt=\"\" src=\"/courses_lesson/files/HQUsmani/juz27/745.JPG\" /><img alt=\"\" src=\"/courses_lesson/files/HQUsmani/juz27/746.JPG\" /><img alt=\"\" src=\"/courses_lesson/files/HQUsmani/juz27/747.JPG\" /><img alt=\"\" src=\"/courses_lesson/files/HQUsmani/juz27/748.JPG\" /><img alt=\"\" src=\"/courses_lesson/files/HQUsmani/juz27/749.JPG\" /><img alt=\"\" src=\"/courses_lesson/files/HQUsmani/juz27/750.JPG\" /><img alt=\"\" src=\"/courses_lesson/files/HQUsmani/juz27/751.JPG\" /><img alt=\"\" src=\"/courses_lesson/files/HQUsmani/juz27/752.JPG\" /><img alt=\"\" src=\"/courses_lesson/files/HQUsmani/juz27/753.JPG\" /><img alt=\"\" src=\"/courses_lesson/files/HQUsmani/juz27/754.JPG\" /><img alt=\"\" src=\"/courses_lesson/files/HQUsmani/juz27/755.JPG\" /><img alt=\"\" src=\"/courses_lesson/files/HQUsmani/juz27/756.JPG\" /></p>\r\n',NULL,NULL),
(182,5,'Juz 28','28th Juz','<p style=\"text-align: center; \">\r\n	<img alt=\"\" src=\"/courses_lesson/files/HQUsmani/juz28/757.JPG\" /><img alt=\"\" src=\"/courses_lesson/files/HQUsmani/juz28/758.JPG\" /><img alt=\"\" src=\"/courses_lesson/files/HQUsmani/juz28/759.JPG\" /><img alt=\"\" src=\"/courses_lesson/files/HQUsmani/juz28/760.JPG\" /><img alt=\"\" src=\"/courses_lesson/files/HQUsmani/juz28/761.JPG\" /><img alt=\"\" src=\"/courses_lesson/files/HQUsmani/juz28/762.JPG\" /><img alt=\"\" src=\"/courses_lesson/files/HQUsmani/juz28/763.JPG\" /><img alt=\"\" src=\"/courses_lesson/files/HQUsmani/juz28/764.JPG\" /><img alt=\"\" src=\"/courses_lesson/files/HQUsmani/juz28/765.JPG\" /><img alt=\"\" src=\"/courses_lesson/files/HQUsmani/juz28/766.JPG\" /><img alt=\"\" src=\"/courses_lesson/files/HQUsmani/juz28/767.JPG\" /><img alt=\"\" src=\"/courses_lesson/files/HQUsmani/juz28/768.JPG\" /><img alt=\"\" src=\"/courses_lesson/files/HQUsmani/juz28/769.JPG\" /><img alt=\"\" src=\"/courses_lesson/files/HQUsmani/juz28/770.JPG\" /><img alt=\"\" src=\"/courses_lesson/files/HQUsmani/juz28/771.JPG\" /><img alt=\"\" src=\"/courses_lesson/files/HQUsmani/juz28/772.JPG\" /><img alt=\"\" src=\"/courses_lesson/files/HQUsmani/juz28/773.JPG\" /><img alt=\"\" src=\"/courses_lesson/files/HQUsmani/juz28/774.JPG\" /><img alt=\"\" src=\"/courses_lesson/files/HQUsmani/juz28/775.JPG\" /><img alt=\"\" src=\"/courses_lesson/files/HQUsmani/juz28/776.JPG\" /><img alt=\"\" src=\"/courses_lesson/files/HQUsmani/juz28/777.JPG\" /><img alt=\"\" src=\"/courses_lesson/files/HQUsmani/juz28/778.JPG\" /><img alt=\"\" src=\"/courses_lesson/files/HQUsmani/juz28/779.JPG\" /><img alt=\"\" src=\"/courses_lesson/files/HQUsmani/juz28/780.JPG\" /><img alt=\"\" src=\"/courses_lesson/files/HQUsmani/juz28/781.JPG\" /><img alt=\"\" src=\"/courses_lesson/files/HQUsmani/juz28/782.JPG\" /><img alt=\"\" src=\"/courses_lesson/files/HQUsmani/juz28/783.JPG\" /><img alt=\"\" src=\"/courses_lesson/files/HQUsmani/juz28/784.JPG\" /><img alt=\"\" src=\"/courses_lesson/files/HQUsmani/juz28/785.JPG\" /><img alt=\"\" src=\"/courses_lesson/files/HQUsmani/juz28/786.JPG\" /></p>\r\n',NULL,NULL),
(183,5,'Juz 29','29th Juz','<p style=\"text-align: center; \">\r\n	<img alt=\"\" src=\"/courses_lesson/files/HQUsmani/juz29/788.JPG\" /><img alt=\"\" src=\"/courses_lesson/files/HQUsmani/juz29/789.JPG\" /><img alt=\"\" src=\"/courses_lesson/files/HQUsmani/juz29/790.JPG\" /><img alt=\"\" src=\"/courses_lesson/files/HQUsmani/juz29/791.JPG\" /><img alt=\"\" src=\"/courses_lesson/files/HQUsmani/juz29/792.JPG\" /><img alt=\"\" src=\"/courses_lesson/files/HQUsmani/juz29/793.JPG\" /><img alt=\"\" src=\"/courses_lesson/files/HQUsmani/juz29/794.JPG\" /><img alt=\"\" src=\"/courses_lesson/files/HQUsmani/juz29/795.JPG\" /><img alt=\"\" src=\"/courses_lesson/files/HQUsmani/juz29/796.JPG\" /><img alt=\"\" src=\"/courses_lesson/files/HQUsmani/juz29/797.JPG\" /><img alt=\"\" src=\"/courses_lesson/files/HQUsmani/juz29/798.JPG\" /><img alt=\"\" src=\"/courses_lesson/files/HQUsmani/juz29/799.JPG\" /><img alt=\"\" src=\"/courses_lesson/files/HQUsmani/juz29/800.JPG\" /><img alt=\"\" src=\"/courses_lesson/files/HQUsmani/juz29/801.JPG\" /><img alt=\"\" src=\"/courses_lesson/files/HQUsmani/juz29/802.JPG\" /><img alt=\"\" src=\"/courses_lesson/files/HQUsmani/juz29/803.JPG\" /><img alt=\"\" src=\"/courses_lesson/files/HQUsmani/juz29/804.JPG\" /><img alt=\"\" src=\"/courses_lesson/files/HQUsmani/juz29/805.JPG\" /><img alt=\"\" src=\"/courses_lesson/files/HQUsmani/juz29/806.JPG\" /><img alt=\"\" src=\"/courses_lesson/files/HQUsmani/juz29/807.JPG\" /><img alt=\"\" src=\"/courses_lesson/files/HQUsmani/juz29/808.JPG\" /><img alt=\"\" src=\"/courses_lesson/files/HQUsmani/juz29/809.JPG\" /><img alt=\"\" src=\"/courses_lesson/files/HQUsmani/juz29/810.JPG\" /><img alt=\"\" src=\"/courses_lesson/files/HQUsmani/juz29/811.JPG\" /><img alt=\"\" src=\"/courses_lesson/files/HQUsmani/juz29/812.JPG\" /><img alt=\"\" src=\"/courses_lesson/files/HQUsmani/juz29/813.JPG\" /><img alt=\"\" src=\"/courses_lesson/files/HQUsmani/juz29/814.JPG\" /><img alt=\"\" src=\"/courses_lesson/files/HQUsmani/juz29/815.JPG\" /><img alt=\"\" src=\"/courses_lesson/files/HQUsmani/juz29/816.JPG\" /><img alt=\"\" src=\"/courses_lesson/files/HQUsmani/juz29/817.JPG\" /><img alt=\"\" src=\"/courses_lesson/files/HQUsmani/juz29/818.JPG\" /></p>\r\n',NULL,NULL),
(184,5,'Juz 30','30th Juz','<p style=\"text-align: center; \">\r\n	<img alt=\"\" src=\"/courses_lesson/files/HQUsmani/juz30/819.JPG\" /><img alt=\"\" src=\"/courses_lesson/files/HQUsmani/juz30/820.JPG\" /><img alt=\"\" src=\"/courses_lesson/files/HQUsmani/juz30/821.JPG\" /><img alt=\"\" src=\"/courses_lesson/files/HQUsmani/juz30/822.JPG\" /><img alt=\"\" src=\"/courses_lesson/files/HQUsmani/juz30/823.JPG\" /><img alt=\"\" src=\"/courses_lesson/files/HQUsmani/juz30/824.JPG\" /><img alt=\"\" src=\"/courses_lesson/files/HQUsmani/juz30/825.JPG\" /><img alt=\"\" src=\"/courses_lesson/files/HQUsmani/juz30/826.JPG\" /><img alt=\"\" src=\"/courses_lesson/files/HQUsmani/juz30/827.JPG\" /><img alt=\"\" src=\"/courses_lesson/files/HQUsmani/juz30/828.JPG\" /><img alt=\"\" src=\"/courses_lesson/files/HQUsmani/juz30/829.JPG\" /><img alt=\"\" src=\"/courses_lesson/files/HQUsmani/juz30/830.JPG\" /><img alt=\"\" src=\"/courses_lesson/files/HQUsmani/juz30/831.JPG\" /><img alt=\"\" src=\"/courses_lesson/files/HQUsmani/juz30/832.JPG\" /><img alt=\"\" src=\"/courses_lesson/files/HQUsmani/juz30/833.JPG\" /><img alt=\"\" src=\"/courses_lesson/files/HQUsmani/juz30/834.JPG\" /><img alt=\"\" src=\"/courses_lesson/files/HQUsmani/juz30/835.JPG\" /><img alt=\"\" src=\"/courses_lesson/files/HQUsmani/juz30/836.JPG\" /><img alt=\"\" src=\"/courses_lesson/files/HQUsmani/juz30/837.JPG\" /><img alt=\"\" src=\"/courses_lesson/files/HQUsmani/juz30/838.JPG\" /><img alt=\"\" src=\"/courses_lesson/files/HQUsmani/juz30/839.JPG\" /><img alt=\"\" src=\"/courses_lesson/files/HQUsmani/juz30/840.JPG\" /><img alt=\"\" src=\"/courses_lesson/files/HQUsmani/juz30/841.JPG\" /><img alt=\"\" src=\"/courses_lesson/files/HQUsmani/juz30/842.JPG\" /><img alt=\"\" src=\"/courses_lesson/files/HQUsmani/juz30/843.JPG\" /><img alt=\"\" src=\"/courses_lesson/files/HQUsmani/juz30/844.JPG\" /><img alt=\"\" src=\"/courses_lesson/files/HQUsmani/juz30/845.JPG\" /><img alt=\"\" src=\"/courses_lesson/files/HQUsmani/juz30/846.JPG\" /><img alt=\"\" src=\"/courses_lesson/files/HQUsmani/juz30/847.JPG\" /><img alt=\"\" src=\"/courses_lesson/files/HQUsmani/juz30/848.JPG\" /></p>\r\n\r\n',NULL,NULL),
(185,7,'Juz 21','21st Juz','<p style=\"text-align: center; \">\r\n	<img alt=\"\" src=\"/courses_lesson/files/HQArabic/juz21/402.JPG\" /><img alt=\"\" src=\"/courses_lesson/files/HQArabic/juz21/403.JPG\" /><img alt=\"\" src=\"/courses_lesson/files/HQArabic/juz21/404.JPG\" /><img alt=\"\" src=\"/courses_lesson/files/HQArabic/juz21/405.JPG\" /><img alt=\"\" src=\"/courses_lesson/files/HQArabic/juz21/406.JPG\" /><img alt=\"\" src=\"/courses_lesson/files/HQArabic/juz21/407.JPG\" /><img alt=\"\" src=\"/courses_lesson/files/HQArabic/juz21/408.JPG\" /><img alt=\"\" src=\"/courses_lesson/files/HQArabic/juz21/409.JPG\" /><img alt=\"\" src=\"/courses_lesson/files/HQArabic/juz21/410.JPG\" /><img alt=\"\" src=\"/courses_lesson/files/HQArabic/juz21/411.JPG\" /><img alt=\"\" src=\"/courses_lesson/files/HQArabic/juz21/412.JPG\" /><img alt=\"\" src=\"/courses_lesson/files/HQArabic/juz21/413.JPG\" /><img alt=\"\" src=\"/courses_lesson/files/HQArabic/juz21/414.JPG\" /><img alt=\"\" src=\"/courses_lesson/files/HQArabic/juz21/415.JPG\" /><img alt=\"\" src=\"/courses_lesson/files/HQArabic/juz21/416.JPG\" /><img alt=\"\" src=\"/courses_lesson/files/HQArabic/juz21/417.JPG\" /><img alt=\"\" src=\"/courses_lesson/files/HQArabic/juz21/418.JPG\" /><img alt=\"\" src=\"/courses_lesson/files/HQArabic/juz21/419.JPG\" /><img alt=\"\" src=\"/courses_lesson/files/HQArabic/juz21/420.JPG\" /><img alt=\"\" src=\"/courses_lesson/files/HQArabic/juz21/421.JPG\" /></p>\r\n',NULL,NULL),
(186,7,'Juz 22','22nd Juz','<p style=\"text-align: center; \">\r\n	<img alt=\"\" src=\"/courses_lesson/files/HQArabic/juz22/422.JPG\" /><img alt=\"\" src=\"/courses_lesson/files/HQArabic/juz22/423.JPG\" /><img alt=\"\" src=\"/courses_lesson/files/HQArabic/juz22/424.JPG\" /><img alt=\"\" src=\"/courses_lesson/files/HQArabic/juz22/425.JPG\" /><img alt=\"\" src=\"/courses_lesson/files/HQArabic/juz22/426.JPG\" /><img alt=\"\" src=\"/courses_lesson/files/HQArabic/juz22/427.JPG\" /><img alt=\"\" src=\"/courses_lesson/files/HQArabic/juz22/428.JPG\" /><img alt=\"\" src=\"/courses_lesson/files/HQArabic/juz22/429.JPG\" /><img alt=\"\" src=\"/courses_lesson/files/HQArabic/juz22/430.JPG\" /><img alt=\"\" src=\"/courses_lesson/files/HQArabic/juz22/431.JPG\" /><img alt=\"\" src=\"/courses_lesson/files/HQArabic/juz22/432.JPG\" /><img alt=\"\" src=\"/courses_lesson/files/HQArabic/juz22/433.JPG\" /><img alt=\"\" src=\"/courses_lesson/files/HQArabic/juz22/434.JPG\" /><img alt=\"\" src=\"/courses_lesson/files/HQArabic/juz22/435.JPG\" /><img alt=\"\" src=\"/courses_lesson/files/HQArabic/juz22/436.JPG\" /><img alt=\"\" src=\"/courses_lesson/files/HQArabic/juz22/437.JPG\" /><img alt=\"\" src=\"/courses_lesson/files/HQArabic/juz22/438.JPG\" /><img alt=\"\" src=\"/courses_lesson/files/HQArabic/juz22/439.JPG\" /><img alt=\"\" src=\"/courses_lesson/files/HQArabic/juz22/440.JPG\" /><img alt=\"\" src=\"/courses_lesson/files/HQArabic/juz22/441.JPG\" /></p>\r\n',NULL,NULL),
(187,7,'Juz 23','23rd Juz','<p style=\"text-align: center; \">\r\n	<img alt=\"\" src=\"/courses_lesson/files/HQArabic/juz23/442.JPG\" /><img alt=\"\" src=\"/courses_lesson/files/HQArabic/juz23/443.JPG\" /><img alt=\"\" src=\"/courses_lesson/files/HQArabic/juz23/444.JPG\" /><img alt=\"\" src=\"/courses_lesson/files/HQArabic/juz23/445.JPG\" /><img alt=\"\" src=\"/courses_lesson/files/HQArabic/juz23/446.JPG\" /><img alt=\"\" src=\"/courses_lesson/files/HQArabic/juz23/447.JPG\" /><img alt=\"\" src=\"/courses_lesson/files/HQArabic/juz23/448.JPG\" /><img alt=\"\" src=\"/courses_lesson/files/HQArabic/juz23/449.JPG\" /><img alt=\"\" src=\"/courses_lesson/files/HQArabic/juz23/450.JPG\" /><img alt=\"\" src=\"/courses_lesson/files/HQArabic/juz23/451.JPG\" /><img alt=\"\" src=\"/courses_lesson/files/HQArabic/juz23/452.JPG\" /><img alt=\"\" src=\"/courses_lesson/files/HQArabic/juz23/453.JPG\" /><img alt=\"\" src=\"/courses_lesson/files/HQArabic/juz23/454.JPG\" /><img alt=\"\" src=\"/courses_lesson/files/HQArabic/juz23/455.JPG\" /><img alt=\"\" src=\"/courses_lesson/files/HQArabic/juz23/456.JPG\" /><img alt=\"\" src=\"/courses_lesson/files/HQArabic/juz23/457.JPG\" /><img alt=\"\" src=\"/courses_lesson/files/HQArabic/juz23/458.JPG\" /><img alt=\"\" src=\"/courses_lesson/files/HQArabic/juz23/459.JPG\" /><img alt=\"\" src=\"/courses_lesson/files/HQArabic/juz23/460.JPG\" /><img alt=\"\" src=\"/courses_lesson/files/HQArabic/juz23/461.JPG\" /></p>\r\n',NULL,NULL),
(188,7,'Juz 24','24th Juz','<p style=\"text-align: center; \">\r\n	<img alt=\"\" src=\"/courses_lesson/files/HQArabic/juz24/462.JPG\" /><img alt=\"\" src=\"/courses_lesson/files/HQArabic/juz24/463.JPG\" /><img alt=\"\" src=\"/courses_lesson/files/HQArabic/juz24/464.JPG\" /><img alt=\"\" src=\"/courses_lesson/files/HQArabic/juz24/465.JPG\" /><img alt=\"\" src=\"/courses_lesson/files/HQArabic/juz24/466.JPG\" /><img alt=\"\" src=\"/courses_lesson/files/HQArabic/juz24/467.JPG\" /><img alt=\"\" src=\"/courses_lesson/files/HQArabic/juz24/468.JPG\" /><img alt=\"\" src=\"/courses_lesson/files/HQArabic/juz24/469.JPG\" /><img alt=\"\" src=\"/courses_lesson/files/HQArabic/juz24/470.JPG\" /><img alt=\"\" src=\"/courses_lesson/files/HQArabic/juz24/471.JPG\" /><img alt=\"\" src=\"/courses_lesson/files/HQArabic/juz24/472.JPG\" /><img alt=\"\" src=\"/courses_lesson/files/HQArabic/juz24/473.JPG\" /><img alt=\"\" src=\"/courses_lesson/files/HQArabic/juz24/474.JPG\" /><img alt=\"\" src=\"/courses_lesson/files/HQArabic/juz24/475.JPG\" /><img alt=\"\" src=\"/courses_lesson/files/HQArabic/juz24/476.JPG\" /><img alt=\"\" src=\"/courses_lesson/files/HQArabic/juz24/477.JPG\" /><img alt=\"\" src=\"/courses_lesson/files/HQArabic/juz24/478.JPG\" /><img alt=\"\" src=\"/courses_lesson/files/HQArabic/juz24/479.JPG\" /><img alt=\"\" src=\"/courses_lesson/files/HQArabic/juz24/480.JPG\" /><img alt=\"\" src=\"/courses_lesson/files/HQArabic/juz24/481.JPG\" /></p>\r\n',NULL,NULL),
(189,7,'Juz 25','25th Juz','<p style=\"text-align: center; \">\r\n	<img alt=\"\" src=\"/courses_lesson/files/HQArabic/juz25/482.JPG\" /><img alt=\"\" src=\"/courses_lesson/files/HQArabic/juz25/483.JPG\" /><img alt=\"\" src=\"/courses_lesson/files/HQArabic/juz25/484.JPG\" /><img alt=\"\" src=\"/courses_lesson/files/HQArabic/juz25/485.JPG\" /><img alt=\"\" src=\"/courses_lesson/files/HQArabic/juz25/486.JPG\" /><img alt=\"\" src=\"/courses_lesson/files/HQArabic/juz25/487.JPG\" /><img alt=\"\" src=\"/courses_lesson/files/HQArabic/juz25/488.JPG\" /><img alt=\"\" src=\"/courses_lesson/files/HQArabic/juz25/489.JPG\" /><img alt=\"\" src=\"/courses_lesson/files/HQArabic/juz25/490.JPG\" /><img alt=\"\" src=\"/courses_lesson/files/HQArabic/juz25/491.JPG\" /><img alt=\"\" src=\"/courses_lesson/files/HQArabic/juz25/492.JPG\" /><img alt=\"\" src=\"/courses_lesson/files/HQArabic/juz25/493.JPG\" /><img alt=\"\" src=\"/courses_lesson/files/HQArabic/juz25/494.JPG\" /><img alt=\"\" src=\"/courses_lesson/files/HQArabic/juz25/495.JPG\" /><img alt=\"\" src=\"/courses_lesson/files/HQArabic/juz25/496.JPG\" /><img alt=\"\" src=\"/courses_lesson/files/HQArabic/juz25/497.JPG\" /><img alt=\"\" src=\"/courses_lesson/files/HQArabic/juz25/498.JPG\" /><img alt=\"\" src=\"/courses_lesson/files/HQArabic/juz25/499.JPG\" /><img alt=\"\" src=\"/courses_lesson/files/HQArabic/juz25/500.JPG\" /><img alt=\"\" src=\"/courses_lesson/files/HQArabic/juz25/501.JPG\" /></p>\r\n',NULL,NULL),
(190,7,'Juz 26','26th Juz','<p style=\"text-align: center; \">\r\n	<img alt=\"\" src=\"/courses_lesson/files/HQArabic/juz26/502.JPG\" /><img alt=\"\" src=\"/courses_lesson/files/HQArabic/juz26/503.JPG\" /><img alt=\"\" src=\"/courses_lesson/files/HQArabic/juz26/504.JPG\" /><img alt=\"\" src=\"/courses_lesson/files/HQArabic/juz26/505.JPG\" /><img alt=\"\" src=\"/courses_lesson/files/HQArabic/juz26/506.JPG\" /><img alt=\"\" src=\"/courses_lesson/files/HQArabic/juz26/507.JPG\" /><img alt=\"\" src=\"/courses_lesson/files/HQArabic/juz26/508.JPG\" /><img alt=\"\" src=\"/courses_lesson/files/HQArabic/juz26/509.JPG\" /><img alt=\"\" src=\"/courses_lesson/files/HQArabic/juz26/510.JPG\" /><img alt=\"\" src=\"/courses_lesson/files/HQArabic/juz26/511.JPG\" /><img alt=\"\" src=\"/courses_lesson/files/HQArabic/juz26/512.JPG\" /><img alt=\"\" src=\"/courses_lesson/files/HQArabic/juz26/513.JPG\" /><img alt=\"\" src=\"/courses_lesson/files/HQArabic/juz26/514.JPG\" /><img alt=\"\" src=\"/courses_lesson/files/HQArabic/juz26/515.JPG\" /><img alt=\"\" src=\"/courses_lesson/files/HQArabic/juz26/516.JPG\" /><img alt=\"\" src=\"/courses_lesson/files/HQArabic/juz26/517.JPG\" /><img alt=\"\" src=\"/courses_lesson/files/HQArabic/juz26/518.JPG\" /><img alt=\"\" src=\"/courses_lesson/files/HQArabic/juz26/519.JPG\" /><img alt=\"\" src=\"/courses_lesson/files/HQArabic/juz26/520.JPG\" /><img alt=\"\" src=\"/courses_lesson/files/HQArabic/juz26/521.JPG\" /></p>\r\n',NULL,NULL),
(191,7,'Juz 27','27th Juz','<p style=\"text-align: center; \">\r\n	<img alt=\"\" src=\"/courses_lesson/files/HQArabic/juz27/522.JPG\" /><img alt=\"\" src=\"/courses_lesson/files/HQArabic/juz27/523.JPG\" /><img alt=\"\" src=\"/courses_lesson/files/HQArabic/juz27/524.JPG\" /><img alt=\"\" src=\"/courses_lesson/files/HQArabic/juz27/525.JPG\" /><img alt=\"\" src=\"/courses_lesson/files/HQArabic/juz27/526.JPG\" /><img alt=\"\" src=\"/courses_lesson/files/HQArabic/juz27/527.JPG\" /><img alt=\"\" src=\"/courses_lesson/files/HQArabic/juz27/528.JPG\" /><img alt=\"\" src=\"/courses_lesson/files/HQArabic/juz27/529.JPG\" /><img alt=\"\" src=\"/courses_lesson/files/HQArabic/juz27/530.JPG\" /><img alt=\"\" src=\"/courses_lesson/files/HQArabic/juz27/531.JPG\" /><img alt=\"\" src=\"/courses_lesson/files/HQArabic/juz27/532.JPG\" /><img alt=\"\" src=\"/courses_lesson/files/HQArabic/juz27/533.JPG\" /><img alt=\"\" src=\"/courses_lesson/files/HQArabic/juz27/534.JPG\" /><img alt=\"\" src=\"/courses_lesson/files/HQArabic/juz27/535.JPG\" /><img alt=\"\" src=\"/courses_lesson/files/HQArabic/juz27/536.JPG\" /><img alt=\"\" src=\"/courses_lesson/files/HQArabic/juz27/537.JPG\" /><img alt=\"\" src=\"/courses_lesson/files/HQArabic/juz27/538.JPG\" /><img alt=\"\" src=\"/courses_lesson/files/HQArabic/juz27/539.JPG\" /><img alt=\"\" src=\"/courses_lesson/files/HQArabic/juz27/540.JPG\" /><img alt=\"\" src=\"/courses_lesson/files/HQArabic/juz27/541.JPG\" /></p>\r\n',NULL,NULL),
(192,7,'Juz 28','28th Juz','<p style=\"text-align: center; \">\r\n	<img alt=\"\" src=\"/courses_lesson/files/HQArabic/juz28/542.JPG\" /><img alt=\"\" src=\"/courses_lesson/files/HQArabic/juz28/543.JPG\" /><img alt=\"\" src=\"/courses_lesson/files/HQArabic/juz28/544.JPG\" /><img alt=\"\" src=\"/courses_lesson/files/HQArabic/juz28/545.JPG\" /><img alt=\"\" src=\"/courses_lesson/files/HQArabic/juz28/546.JPG\" /><img alt=\"\" src=\"/courses_lesson/files/HQArabic/juz28/547.JPG\" /><img alt=\"\" src=\"/courses_lesson/files/HQArabic/juz28/548.JPG\" /><img alt=\"\" src=\"/courses_lesson/files/HQArabic/juz28/549.JPG\" /><img alt=\"\" src=\"/courses_lesson/files/HQArabic/juz28/550.JPG\" /><img alt=\"\" src=\"/courses_lesson/files/HQArabic/juz28/551.JPG\" /><img alt=\"\" src=\"/courses_lesson/files/HQArabic/juz28/552.JPG\" /><img alt=\"\" src=\"/courses_lesson/files/HQArabic/juz28/553.JPG\" /><img alt=\"\" src=\"/courses_lesson/files/HQArabic/juz28/554.JPG\" /><img alt=\"\" src=\"/courses_lesson/files/HQArabic/juz28/555.JPG\" /><img alt=\"\" src=\"/courses_lesson/files/HQArabic/juz28/556.JPG\" /><img alt=\"\" src=\"/courses_lesson/files/HQArabic/juz28/557.JPG\" /><img alt=\"\" src=\"/courses_lesson/files/HQArabic/juz28/558.JPG\" /><img alt=\"\" src=\"/courses_lesson/files/HQArabic/juz28/559.JPG\" /><img alt=\"\" src=\"/courses_lesson/files/HQArabic/juz28/560.JPG\" /><img alt=\"\" src=\"/courses_lesson/files/HQArabic/juz28/561.JPG\" /></p>\r\n',NULL,NULL),
(193,7,'Juz 29','29th Juz','<p style=\"text-align: center; \">\r\n	<img alt=\"\" src=\"/courses_lesson/files/HQArabic/juz29/562.JPG\" /><img alt=\"\" src=\"/courses_lesson/files/HQArabic/juz29/563.JPG\" /><img alt=\"\" src=\"/courses_lesson/files/HQArabic/juz29/564.JPG\" /><img alt=\"\" src=\"/courses_lesson/files/HQArabic/juz29/565.JPG\" /><img alt=\"\" src=\"/courses_lesson/files/HQArabic/juz29/566.JPG\" /><img alt=\"\" src=\"/courses_lesson/files/HQArabic/juz29/567.JPG\" /><img alt=\"\" src=\"/courses_lesson/files/HQArabic/juz29/568.JPG\" /><img alt=\"\" src=\"/courses_lesson/files/HQArabic/juz29/569.JPG\" /><img alt=\"\" src=\"/courses_lesson/files/HQArabic/juz29/570.JPG\" /><img alt=\"\" src=\"/courses_lesson/files/HQArabic/juz29/571.JPG\" /><img alt=\"\" src=\"/courses_lesson/files/HQArabic/juz29/572.JPG\" /><img alt=\"\" src=\"/courses_lesson/files/HQArabic/juz29/573.JPG\" /><img alt=\"\" src=\"/courses_lesson/files/HQArabic/juz29/574.JPG\" /><img alt=\"\" src=\"/courses_lesson/files/HQArabic/juz29/575.JPG\" /><img alt=\"\" src=\"/courses_lesson/files/HQArabic/juz29/576.JPG\" /><img alt=\"\" src=\"/courses_lesson/files/HQArabic/juz29/577.JPG\" /><img alt=\"\" src=\"/courses_lesson/files/HQArabic/juz29/578.JPG\" /><img alt=\"\" src=\"/courses_lesson/files/HQArabic/juz29/579.JPG\" /><img alt=\"\" src=\"/courses_lesson/files/HQArabic/juz29/580.JPG\" /><img alt=\"\" src=\"/courses_lesson/files/HQArabic/juz29/581.JPG\" /></p>\r\n',NULL,NULL),
(194,7,'Juz 30','30th Juz','<p style=\"text-align: center; \">\r\n	<img alt=\"\" src=\"/courses_lesson/files/HQArabic/juz30/582.JPG\" /><img alt=\"\" src=\"/courses_lesson/files/HQArabic/juz30/583.JPG\" /><img alt=\"\" src=\"/courses_lesson/files/HQArabic/juz30/584.JPG\" /><img alt=\"\" src=\"/courses_lesson/files/HQArabic/juz30/585.JPG\" /><img alt=\"\" src=\"/courses_lesson/files/HQArabic/juz30/586.JPG\" /><img alt=\"\" src=\"/courses_lesson/files/HQArabic/juz30/587.JPG\" /><img alt=\"\" src=\"/courses_lesson/files/HQArabic/juz30/588.JPG\" /><img alt=\"\" src=\"/courses_lesson/files/HQArabic/juz30/589.JPG\" /><img alt=\"\" src=\"/courses_lesson/files/HQArabic/juz30/590.JPG\" /><img alt=\"\" src=\"/courses_lesson/files/HQArabic/juz30/591.JPG\" /><img alt=\"\" src=\"/courses_lesson/files/HQArabic/juz30/592.JPG\" /><img alt=\"\" src=\"/courses_lesson/files/HQArabic/juz30/593.JPG\" /><img alt=\"\" src=\"/courses_lesson/files/HQArabic/juz30/594.JPG\" /><img alt=\"\" src=\"/courses_lesson/files/HQArabic/juz30/595.JPG\" /><img alt=\"\" src=\"/courses_lesson/files/HQArabic/juz30/596.JPG\" /><img alt=\"\" src=\"/courses_lesson/files/HQArabic/juz30/597.JPG\" /><img alt=\"\" src=\"/courses_lesson/files/HQArabic/juz30/598.JPG\" /><img alt=\"\" src=\"/courses_lesson/files/HQArabic/juz30/599.JPG\" /><img alt=\"\" src=\"/courses_lesson/files/HQArabic/juz30/600.JPG\" /><img alt=\"\" src=\"/courses_lesson/files/HQArabic/juz30/601.JPG\" /><img alt=\"\" src=\"/courses_lesson/files/HQArabic/juz30/602.JPG\" /><img alt=\"\" src=\"/courses_lesson/files/HQArabic/juz30/603.JPG\" /><img alt=\"\" src=\"/courses_lesson/files/HQArabic/juz30/604.JPG\" /></p>\r\n',NULL,NULL);

/*Table structure for table `invs_sending_detail` */

DROP TABLE IF EXISTS `invs_sending_detail`;

CREATE TABLE `invs_sending_detail` (
  `id` int(11) NOT NULL AUTO_INCREMENT,
  `invs_type` enum('monthly','instant') NOT NULL DEFAULT 'monthly',
  `invs_number` varchar(40) NOT NULL DEFAULT '',
  `template_invs_number` varchar(40) NOT NULL DEFAULT '',
  `account_id` int(11) NOT NULL DEFAULT 0,
  `sending_date` date NOT NULL DEFAULT '0000-00-00',
  PRIMARY KEY (`id`)
) ENGINE=MyISAM DEFAULT CHARSET=latin1;

/*Data for the table `invs_sending_detail` */

/*Table structure for table `lecture_schedule` */

DROP TABLE IF EXISTS `lecture_schedule`;

CREATE TABLE `lecture_schedule` (
  `id` int(11) unsigned NOT NULL AUTO_INCREMENT,
  `fk_lecture_id` int(11) unsigned NOT NULL DEFAULT 0,
  `day_id` int(11) unsigned NOT NULL DEFAULT 11,
  `start_time` int(11) NOT NULL DEFAULT 0,
  `end_time` int(11) NOT NULL DEFAULT 0,
  PRIMARY KEY (`id`)
) ENGINE=InnoDB AUTO_INCREMENT=4 DEFAULT CHARSET=utf8;

/*Data for the table `lecture_schedule` */

insert  into `lecture_schedule`(`id`,`fk_lecture_id`,`day_id`,`start_time`,`end_time`) values 
(1,4,6,39,43),
(2,8,7,43,45),
(3,9,5,13,14);

/*Table structure for table `lecture_scheduled_students` */

DROP TABLE IF EXISTS `lecture_scheduled_students`;

CREATE TABLE `lecture_scheduled_students` (
  `id` int(11) NOT NULL AUTO_INCREMENT,
  `schedule_lecture_id` int(11) NOT NULL DEFAULT 0,
  `student_id` int(11) NOT NULL DEFAULT 0,
  PRIMARY KEY (`id`)
) ENGINE=InnoDB AUTO_INCREMENT=16 DEFAULT CHARSET=utf8;

/*Data for the table `lecture_scheduled_students` */

insert  into `lecture_scheduled_students`(`id`,`schedule_lecture_id`,`student_id`) values 
(1,1,12),
(2,1,13),
(3,1,6),
(4,1,18),
(5,1,5),
(6,1,9),
(7,1,21),
(8,1,25),
(9,2,10),
(10,2,11),
(12,1,14),
(13,3,26),
(14,3,27),
(15,1,28);

/*Table structure for table `lectures` */

DROP TABLE IF EXISTS `lectures`;

CREATE TABLE `lectures` (
  `id` int(11) NOT NULL AUTO_INCREMENT,
  `schedule_id` int(11) NOT NULL DEFAULT 0,
  `teacher_id` int(11) DEFAULT NULL,
  `course_id` int(11) NOT NULL DEFAULT 0,
  `lecture_date` date NOT NULL,
  `start_time` int(11) NOT NULL DEFAULT 0,
  `end_time` int(11) NOT NULL DEFAULT 0,
  `lecture_file` varchar(250) CHARACTER SET latin1 DEFAULT NULL,
  `lecture_remarks` text CHARACTER SET latin1 DEFAULT NULL,
  PRIMARY KEY (`id`),
  UNIQUE KEY `fk_lecture_schedule_id` (`schedule_id`,`lecture_date`)
) ENGINE=InnoDB DEFAULT CHARSET=utf8;

/*Data for the table `lectures` */

/*Table structure for table `role_permissions` */

DROP TABLE IF EXISTS `role_permissions`;

CREATE TABLE `role_permissions` (
  `id` int(10) unsigned NOT NULL AUTO_INCREMENT,
  `route` varchar(100) NOT NULL,
  `permission` varchar(100) NOT NULL,
  `status` tinyint(1) NOT NULL DEFAULT 1,
  `created_at` datetime NOT NULL,
  `updated_at` datetime NOT NULL,
  PRIMARY KEY (`id`)
) ENGINE=InnoDB AUTO_INCREMENT=13 DEFAULT CHARSET=utf8;

/*Data for the table `role_permissions` */

insert  into `role_permissions`(`id`,`route`,`permission`,`status`,`created_at`,`updated_at`) values 
(1,'dashboard','dashboard',1,'2020-12-26 07:23:39','2020-12-26 07:23:39'),
(2,'manage_users','Manage users',1,'2020-12-26 07:23:39','2020-12-26 07:23:39'),
(3,'manage_teachers','Manage Teachers',1,'2020-12-26 07:23:39','2020-12-26 07:23:39'),
(4,'manage_student','Manage Student',1,'2020-12-26 07:23:39','2020-12-26 07:23:39'),
(5,'manage_permissions','Manager Permissions',1,'2020-12-26 07:23:39','2020-12-26 07:23:39'),
(6,'invoices','Invoices',1,'2020-12-26 07:23:39','2020-12-26 07:23:39'),
(7,'add_invoice','Add Invoice',1,'2020-12-26 07:23:39','2020-12-26 07:23:39'),
(8,'invoice_templates','Invoice Tempaltes',1,'2020-12-26 07:23:39','2020-12-26 07:23:39'),
(9,'all_invoices','All Invoices',1,'2020-12-26 07:23:39','2020-12-26 07:23:39'),
(10,'accounts','Accounts',1,'2020-12-26 07:23:39','2020-12-26 07:23:39'),
(11,'manage_classes','Manage Classes',1,'2020-12-26 07:23:39','2020-12-26 07:23:39'),
(12,'manage_courses','Manage Courses',1,'2020-12-26 07:23:39','2020-12-26 07:23:39');

/*Table structure for table `role_role_permissions` */

DROP TABLE IF EXISTS `role_role_permissions`;

CREATE TABLE `role_role_permissions` (
  `id` int(10) unsigned NOT NULL AUTO_INCREMENT,
  `role_id` int(10) unsigned NOT NULL,
  `role_permissions_id` int(10) unsigned NOT NULL,
  `status` tinyint(1) NOT NULL DEFAULT 1,
  `created_at` datetime DEFAULT NULL,
  `updated_at` datetime DEFAULT NULL,
  PRIMARY KEY (`id`),
  KEY `fk_role_id_roles_permissions` (`role_id`),
  KEY `fk_permission_id_permissions` (`role_permissions_id`),
  CONSTRAINT `fk_role_id_roles_permissions` FOREIGN KEY (`role_id`) REFERENCES `roles` (`id`) ON DELETE CASCADE ON UPDATE CASCADE,
  CONSTRAINT `role_permissions_id` FOREIGN KEY (`role_permissions_id`) REFERENCES `role_permissions` (`id`) ON DELETE CASCADE ON UPDATE CASCADE
) ENGINE=InnoDB AUTO_INCREMENT=30 DEFAULT CHARSET=utf8;

/*Data for the table `role_role_permissions` */

insert  into `role_role_permissions`(`id`,`role_id`,`role_permissions_id`,`status`,`created_at`,`updated_at`) values 
(1,1,1,1,'2020-12-26 07:49:10','2020-12-26 07:49:10'),
(2,1,2,1,'2020-12-26 07:49:10','2020-12-26 07:49:10'),
(3,1,3,1,'2020-12-26 07:49:10','2020-12-26 07:49:10'),
(4,1,4,1,'2020-12-26 07:49:10','2020-12-26 07:49:10'),
(5,1,5,1,'2020-12-26 07:49:10','2020-12-26 07:49:10'),
(6,1,6,1,'2020-12-26 07:49:10','2020-12-26 07:49:10'),
(7,1,7,1,'2020-12-26 07:49:10','2020-12-26 07:49:10'),
(8,1,8,1,'2020-12-26 07:49:10','2020-12-26 07:49:10'),
(9,1,9,1,'2020-12-26 07:49:10','2020-12-26 07:49:10'),
(10,1,10,1,'2020-12-26 07:49:10','2020-12-26 07:49:10'),
(13,1,11,1,'2020-12-26 07:49:10','2020-12-26 07:49:10'),
(15,2,10,1,'2021-01-01 21:29:42','2021-01-01 21:29:42'),
(16,2,7,1,'2021-01-01 21:29:53','2021-01-01 21:29:53'),
(17,2,9,1,'2021-01-01 21:29:54','2021-01-01 21:29:54'),
(18,2,1,1,'2021-01-01 21:29:55','2021-01-01 21:29:55'),
(19,2,8,1,'2021-01-01 21:29:57','2021-01-01 21:29:57'),
(20,2,6,1,'2021-01-01 21:29:57','2021-01-01 21:29:57'),
(21,2,11,1,'2021-01-01 21:29:58','2021-01-01 21:29:58'),
(22,2,12,1,'2021-01-01 21:30:00','2021-01-01 21:30:00'),
(23,2,4,1,'2021-01-01 21:30:02','2021-01-01 21:30:02'),
(24,2,3,1,'2021-01-01 21:30:05','2021-01-01 21:30:05'),
(25,2,2,1,'2021-01-01 21:30:06','2021-01-01 21:30:06'),
(26,2,5,1,'2021-01-01 21:30:09','2021-01-01 21:30:09'),
(29,1,12,1,'2021-01-04 20:16:16','2021-01-04 20:16:16');

/*Table structure for table `roles` */

DROP TABLE IF EXISTS `roles`;

CREATE TABLE `roles` (
  `id` int(10) unsigned NOT NULL AUTO_INCREMENT,
  `role_name` varchar(200) NOT NULL,
  `status` tinyint(1) DEFAULT 1,
  `created_at` datetime DEFAULT NULL,
  `updated_at` datetime DEFAULT NULL,
  PRIMARY KEY (`id`)
) ENGINE=InnoDB AUTO_INCREMENT=8 DEFAULT CHARSET=utf8;

/*Data for the table `roles` */

insert  into `roles`(`id`,`role_name`,`status`,`created_at`,`updated_at`) values 
(1,'Super Admin',1,'2020-12-25 11:15:24','2020-12-25 11:15:24'),
(2,'Admin',1,'2020-12-25 11:15:24','2020-12-25 11:15:24'),
(3,'Client',1,'2020-12-25 11:15:24','2020-12-25 11:15:24'),
(4,'Teacher',1,'2020-12-25 11:15:24','2020-12-25 11:15:24'),
(5,'Super user',1,'2020-12-25 11:15:24','2020-12-25 11:15:24');

/*Table structure for table `settings` */

DROP TABLE IF EXISTS `settings`;

CREATE TABLE `settings` (
  `id` int(11) NOT NULL AUTO_INCREMENT,
  `key` varchar(80) NOT NULL DEFAULT '',
  `value` text NOT NULL,
  `fk_company_id` int(11) NOT NULL DEFAULT 0,
  PRIMARY KEY (`id`)
) ENGINE=MyISAM AUTO_INCREMENT=21 DEFAULT CHARSET=latin1;

/*Data for the table `settings` */

insert  into `settings`(`id`,`key`,`value`,`fk_company_id`) values 
(1,'account_invs_notification_subject','Monthly Invoice from QuranSmart',1),
(2,'account_invs_notification_mail_content','<p>\r\n	Dear %name%, Assalaam Alaikum Wr Wb</p>\r\n<div style=\"font-family: Arial, Verdana, sans-serif; font-size: 12px; color: rgb(34, 34, 34); background-color: rgb(255, 255, 255); \">\r\n	<p>\r\n		We hope you are enjoying and benefiting from your lessons/lectures InshaAllah. &nbsp;Please pay the invoice amount of $%invs_amount% in %invs_currency% for QuranSmart services by the 1st of the month. <a href=\"http://muallim.quransmart.com\">Please click here to make your payment</a>.</p>\r\n	<p>\r\n		If you have any questions, please send us an email at accounts@quransmart.com.</p>\r\n	<p>\r\n		&nbsp;</p>\r\n	<p>\r\n		Wasalaam and Best Regards<br />\r\n		QuranSmart Administration</p>\r\n</div>\r\n',1),
(3,'account_invs_remainder_mail_subject','',1),
(4,'account_invs_remainder_mail_content','',1),
(5,'account_invs_total_email_remainders','1',1),
(6,'account_invs_sending_day','28',1),
(7,'account_invs_due_day','1',1),
(8,'account_thanks','0',1),
(9,'account_invs_email_remainder_1_content','',1),
(10,'account_invs_email_remainder_2_content','',1),
(11,'account_invs_email_remainder_3_content','',1),
(12,'account_invs_email_remainder_4_content','',1),
(13,'account_invs_email_remainder_1_after_days','',1),
(14,'account_invs_email_remainder_2_after_days','',1),
(15,'account_invs_email_remainder_3_after_days','',1),
(16,'account_invs_email_remainder_4_after_days','',1),
(17,'account_invs_email_remainder_1_subject','',1),
(18,'account_invs_email_remainder_2_subject','',1),
(19,'account_invs_email_remainder_3_subject','',1),
(20,'account_invs_email_remainder_4_subject','',1);

/*Table structure for table `student_class_days` */

DROP TABLE IF EXISTS `student_class_days`;

CREATE TABLE `student_class_days` (
  `id` int(10) unsigned NOT NULL AUTO_INCREMENT,
  `day_id` int(11) unsigned NOT NULL,
  `slot_id` int(10) unsigned NOT NULL,
  `required_slots` tinyint(1) NOT NULL DEFAULT 1,
  `student_teacher_id` int(11) unsigned NOT NULL DEFAULT 0,
  `created_at` datetime NOT NULL,
  `updated_at` datetime NOT NULL,
  PRIMARY KEY (`id`),
  KEY `fk_slot_id_time_slots_scd` (`slot_id`),
  KEY `fk_day_id_constraint` (`day_id`),
  KEY `fk_student_teacker_id_constraint` (`student_teacher_id`),
  CONSTRAINT `fk_day_id_constraint` FOREIGN KEY (`day_id`) REFERENCES `week_days` (`id`) ON DELETE CASCADE ON UPDATE CASCADE,
  CONSTRAINT `fk_slot_id_time_slots_scd` FOREIGN KEY (`slot_id`) REFERENCES `time_slots` (`id`) ON DELETE CASCADE ON UPDATE CASCADE,
  CONSTRAINT `fk_student_teacker_id_constraint` FOREIGN KEY (`student_teacher_id`) REFERENCES `student_teacher` (`id`) ON DELETE CASCADE ON UPDATE CASCADE
) ENGINE=InnoDB AUTO_INCREMENT=19 DEFAULT CHARSET=utf8;

/*Data for the table `student_class_days` */

insert  into `student_class_days`(`id`,`day_id`,`slot_id`,`required_slots`,`student_teacher_id`,`created_at`,`updated_at`) values 
(10,1,1,1,3,'2021-01-10 09:47:05','2021-01-10 09:47:10'),
(11,2,3,1,3,'2021-01-10 09:47:05','2021-01-10 09:47:05'),
(12,3,4,1,3,'2021-01-10 09:47:05','2021-01-10 09:47:05'),
(14,4,5,1,3,'2021-01-10 09:47:05','2021-01-10 09:47:05'),
(15,5,7,1,3,'2021-01-10 09:47:05','2021-01-10 09:47:05'),
(16,6,9,1,3,'2021-01-10 09:47:05','2021-01-10 09:47:05'),
(18,1,5,1,4,'2021-01-19 20:33:09','0000-00-00 00:00:00');

/*Table structure for table `student_teacher` */

DROP TABLE IF EXISTS `student_teacher`;

CREATE TABLE `student_teacher` (
  `id` int(10) unsigned NOT NULL AUTO_INCREMENT,
  `teacher_id` int(10) unsigned NOT NULL DEFAULT 0,
  `student_id` int(10) unsigned NOT NULL DEFAULT 0,
  `course_id` int(10) unsigned NOT NULL DEFAULT 0,
  `slot_id` int(10) unsigned NOT NULL DEFAULT 0,
  `fees` double DEFAULT NULL,
  `start_date` date NOT NULL,
  `end_date` date DEFAULT NULL,
  `status` tinyint(1) NOT NULL DEFAULT 1 COMMENT '1-active, 0-inactive,2-couse completed',
  `remarks` text CHARACTER SET latin1 NOT NULL,
  `created_at` datetime DEFAULT NULL,
  `updated_at` datetime DEFAULT NULL,
  PRIMARY KEY (`id`),
  KEY `fk_student_id_students_teacher` (`student_id`),
  KEY `fk_teacher_id_student_teacher` (`teacher_id`),
  KEY `fk_course_id_student_teacher` (`course_id`),
  KEY `fk_slot_id_student_teacher` (`slot_id`),
  CONSTRAINT `fk_course_id_student_teacher` FOREIGN KEY (`course_id`) REFERENCES `courses` (`id`) ON DELETE CASCADE ON UPDATE CASCADE,
  CONSTRAINT `fk_slot_id_student_teacher` FOREIGN KEY (`slot_id`) REFERENCES `time_slots` (`id`) ON DELETE CASCADE ON UPDATE CASCADE,
  CONSTRAINT `fk_student_id_students_teacher` FOREIGN KEY (`student_id`) REFERENCES `students` (`id`) ON DELETE CASCADE ON UPDATE CASCADE,
  CONSTRAINT `fk_teacher_id_student_teacher` FOREIGN KEY (`teacher_id`) REFERENCES `users` (`id`) ON DELETE CASCADE ON UPDATE CASCADE
) ENGINE=InnoDB AUTO_INCREMENT=5 DEFAULT CHARSET=utf8;

/*Data for the table `student_teacher` */

insert  into `student_teacher`(`id`,`teacher_id`,`student_id`,`course_id`,`slot_id`,`fees`,`start_date`,`end_date`,`status`,`remarks`,`created_at`,`updated_at`) values 
(3,44,53,1,2,50,'2021-01-10','2021-01-21',1,'','2021-01-10 08:59:21','2021-01-10 08:59:23'),
(4,44,54,1,1,50,'0000-00-00',NULL,1,'',NULL,NULL);

/*Table structure for table `students` */

DROP TABLE IF EXISTS `students`;

CREATE TABLE `students` (
  `id` int(11) unsigned NOT NULL AUTO_INCREMENT,
  `parent_id` int(11) unsigned NOT NULL DEFAULT 0 COMMENT 'Parent of student',
  `student_name` varchar(30) CHARACTER SET latin1 NOT NULL DEFAULT '',
  `fees_amount` varchar(10) CHARACTER SET latin1 NOT NULL DEFAULT '',
  `status` tinyint(1) NOT NULL DEFAULT 1 COMMENT '1- active, other then 1 is non active',
  `created_at` datetime DEFAULT NULL,
  `updated_at` datetime DEFAULT NULL,
  PRIMARY KEY (`id`),
  KEY `fk_parent_id_users` (`parent_id`),
  CONSTRAINT `fk_parent_id_users` FOREIGN KEY (`parent_id`) REFERENCES `users` (`id`) ON DELETE CASCADE ON UPDATE CASCADE
) ENGINE=InnoDB AUTO_INCREMENT=55 DEFAULT CHARSET=utf8;

/*Data for the table `students` */

insert  into `students`(`id`,`parent_id`,`student_name`,`fees_amount`,`status`,`created_at`,`updated_at`) values 
(53,45,'Student 1','USD 50',1,NULL,NULL),
(54,45,'Student 2','',1,NULL,NULL);

/*Table structure for table `taught_lessons` */

DROP TABLE IF EXISTS `taught_lessons`;

CREATE TABLE `taught_lessons` (
  `fk_class_id` int(11) NOT NULL DEFAULT 0,
  `fk_course_lesson_id` int(11) NOT NULL DEFAULT 0,
  PRIMARY KEY (`fk_class_id`,`fk_course_lesson_id`)
) ENGINE=MyISAM DEFAULT CHARSET=latin1;

/*Data for the table `taught_lessons` */

insert  into `taught_lessons`(`fk_class_id`,`fk_course_lesson_id`) values 
(22,2),
(22,3),
(22,4),
(23,2),
(24,34),
(24,35),
(24,36),
(24,37),
(25,42),
(25,43),
(25,44),
(26,42),
(26,43),
(26,44),
(27,2),
(30,45),
(30,46),
(30,47),
(31,38),
(31,39),
(31,40),
(31,41),
(31,42),
(41,45),
(41,46),
(41,47),
(42,2),
(49,48),
(50,2),
(51,48),
(51,49),
(51,50),
(52,43),
(52,44),
(53,2),
(53,3),
(53,4),
(53,5),
(53,6),
(54,2),
(55,2),
(55,71),
(58,2),
(61,49),
(62,44),
(62,45),
(63,51),
(63,52),
(63,53),
(65,1),
(65,2),
(65,3),
(65,69),
(65,71),
(66,3),
(66,4),
(66,5),
(66,6),
(66,7),
(66,8),
(66,9),
(67,2),
(70,52),
(70,53),
(71,46),
(71,47),
(71,48),
(73,50),
(73,51),
(73,52),
(75,54),
(75,55),
(76,49),
(76,50),
(77,2),
(78,2),
(79,2),
(82,2),
(83,2),
(86,2),
(90,45),
(90,46),
(90,47),
(90,48),
(90,49),
(90,94),
(91,51),
(91,52),
(92,56),
(92,57),
(93,10),
(93,11),
(94,2),
(95,2),
(96,53),
(97,57),
(97,58),
(98,53),
(98,54),
(99,2),
(100,2),
(100,69),
(100,70),
(100,71),
(100,72),
(100,73),
(100,74),
(100,75),
(100,76),
(103,59),
(103,60),
(104,59),
(108,2),
(114,2),
(115,56),
(115,57),
(115,58),
(116,13),
(116,14),
(116,15),
(116,16),
(116,17),
(117,63),
(118,61),
(119,2),
(120,9),
(121,8),
(121,9),
(122,11),
(122,12),
(123,2),
(124,2),
(124,3),
(124,4),
(124,5),
(124,6),
(125,3),
(125,4),
(125,5),
(125,6),
(128,54),
(129,60),
(130,61),
(131,1),
(131,2),
(135,7),
(136,55),
(137,62),
(138,60),
(139,8),
(140,7),
(142,2),
(143,9),
(143,10),
(144,8),
(144,9),
(144,10),
(144,11),
(145,11),
(149,22),
(149,23),
(153,13),
(153,14),
(153,15),
(153,16),
(153,17),
(154,34),
(155,2),
(156,34),
(157,11),
(160,61),
(160,62),
(161,12),
(162,12),
(162,13),
(164,18),
(164,19),
(168,2),
(169,35),
(169,36),
(169,37),
(170,13),
(170,14),
(171,14),
(171,15),
(171,16),
(171,17),
(171,18),
(173,2),
(174,15),
(175,19),
(175,20),
(175,21),
(179,20),
(179,21),
(179,22),
(180,38),
(181,2),
(182,39),
(182,40),
(183,16),
(187,17),
(188,22),
(188,23),
(188,24),
(190,24),
(190,25),
(190,26),
(191,42),
(192,2),
(193,43),
(194,22),
(197,63),
(197,69),
(197,70),
(197,71),
(197,72),
(198,23),
(199,30),
(202,26),
(203,30),
(204,43),
(205,46),
(205,47),
(206,26),
(212,42),
(214,44),
(214,45),
(215,24),
(215,25),
(216,29),
(217,35),
(217,36),
(217,37),
(218,38),
(219,16),
(221,23),
(223,63),
(224,39),
(224,40),
(225,2),
(226,41),
(226,42),
(227,18),
(233,2),
(234,19),
(234,20),
(235,25),
(235,26),
(235,27),
(235,28),
(236,41),
(237,43),
(238,20),
(238,21),
(240,64),
(241,1),
(241,2),
(244,26),
(245,44),
(246,2),
(247,48),
(248,27),
(251,34),
(252,1),
(252,69),
(253,34),
(253,35),
(253,36),
(253,37),
(253,38),
(257,101),
(257,110),
(258,6),
(260,27),
(261,31),
(264,102),
(264,110),
(265,45),
(265,46),
(265,47),
(267,49),
(268,28),
(269,32),
(270,8),
(275,28),
(276,32),
(278,1),
(278,110),
(279,111),
(281,110),
(282,110),
(284,48),
(285,49),
(286,29),
(288,110),
(296,49),
(298,50),
(299,29),
(302,49),
(304,51),
(305,30),
(306,32),
(306,110),
(308,110),
(310,110),
(312,29),
(314,110),
(316,110),
(321,31),
(322,32),
(322,110),
(323,110),
(324,110),
(326,50),
(327,52),
(328,30),
(331,60),
(332,1),
(333,102),
(333,110),
(334,108),
(334,136),
(335,108),
(335,110),
(335,136),
(336,2),
(336,3),
(336,4),
(336,5),
(336,6),
(344,6),
(347,53),
(349,32),
(350,12),
(350,13),
(350,14),
(350,15),
(352,8),
(355,50),
(357,53),
(358,30),
(360,54),
(361,55),
(362,32),
(362,110),
(363,20),
(363,21),
(363,22),
(363,23),
(365,108),
(365,144),
(366,51),
(366,52),
(366,53),
(368,54),
(369,31),
(370,32),
(370,110),
(371,110),
(372,110),
(373,108),
(373,136),
(374,30),
(375,32),
(375,110),
(378,9),
(381,31),
(382,32),
(382,110),
(393,110),
(394,110),
(396,2),
(400,54),
(402,55),
(403,32),
(405,110),
(406,110),
(407,111),
(407,112),
(407,113),
(407,114),
(407,115),
(408,34),
(409,2),
(409,3),
(409,4),
(409,5),
(409,143),
(412,29),
(416,2),
(417,15),
(417,137),
(418,110),
(419,110),
(420,61),
(420,62),
(421,16),
(422,144),
(423,53),
(423,54),
(425,55),
(426,32),
(427,115),
(428,2),
(429,144),
(430,32),
(430,110),
(431,32),
(431,110),
(432,110),
(433,110),
(434,16),
(434,17),
(434,18),
(434,19),
(434,20),
(435,113),
(435,114),
(435,115),
(436,144),
(437,116),
(437,117),
(437,118),
(437,119),
(439,110),
(439,111),
(442,32),
(442,110),
(444,110),
(445,110),
(447,115),
(447,117),
(449,118),
(450,34),
(451,22),
(451,23),
(452,144),
(453,55),
(455,56),
(455,57),
(456,32),
(456,110),
(457,120),
(457,121),
(458,144),
(459,32),
(459,110),
(460,32),
(460,110),
(461,110),
(462,110),
(463,22),
(463,23),
(466,32),
(466,110),
(469,110),
(471,118),
(471,119),
(471,120),
(472,145),
(473,55),
(475,58),
(476,32),
(476,110),
(477,32),
(477,110),
(478,110),
(479,110),
(480,121),
(481,121),
(482,122),
(484,59),
(485,32),
(485,110),
(486,19),
(486,20),
(486,21),
(486,22),
(486,23),
(487,122),
(490,9),
(491,145),
(492,111),
(493,145),
(494,32),
(494,110),
(495,32),
(495,110),
(496,110),
(497,110),
(499,55),
(501,60),
(502,32),
(502,110),
(503,123),
(506,145),
(507,55),
(509,60),
(510,32),
(510,110),
(511,32),
(511,110),
(512,110),
(513,110),
(515,122),
(515,123),
(515,124),
(515,125),
(517,32),
(517,110),
(518,32),
(518,110),
(520,110),
(522,110),
(523,126),
(524,55),
(525,61),
(526,32),
(528,124),
(543,112),
(543,113),
(543,114),
(543,115),
(545,24),
(545,25),
(545,26),
(547,56),
(547,57),
(549,61),
(550,32),
(550,110),
(551,125),
(552,70),
(552,112),
(554,145),
(555,32),
(555,110),
(557,110),
(558,110),
(559,26),
(559,27),
(559,28),
(562,58),
(564,61),
(565,32),
(565,110),
(566,32),
(566,110),
(567,110),
(568,110),
(571,127),
(573,32),
(573,110),
(574,32),
(574,110),
(576,110),
(577,116),
(577,117),
(577,118),
(578,110),
(579,128),
(580,58),
(581,62),
(582,32),
(582,110),
(583,110),
(584,110),
(585,28),
(585,29),
(586,126),
(587,111),
(591,32),
(591,110),
(595,29),
(596,145),
(597,32),
(597,110),
(599,111),
(599,112),
(599,113),
(599,114),
(600,116),
(600,117),
(600,118),
(603,58),
(605,63),
(606,32),
(606,110),
(607,126),
(608,112),
(608,113),
(609,111),
(609,112),
(609,113),
(609,114),
(609,115),
(610,145),
(611,32),
(611,110),
(612,32),
(612,110),
(613,110),
(614,110),
(615,30),
(616,114),
(616,115),
(618,119),
(618,120),
(620,133),
(621,60),
(622,67),
(622,143),
(623,32),
(623,110),
(624,123),
(624,124),
(626,128),
(627,111),
(629,59),
(631,64),
(631,65),
(631,66),
(631,67),
(632,32),
(632,110),
(633,32),
(633,110),
(634,110),
(635,110),
(636,127),
(637,115),
(640,129),
(640,130),
(640,131),
(640,132),
(641,32),
(641,110),
(642,32),
(642,110),
(646,115),
(648,121),
(648,122),
(650,34),
(650,143),
(651,31),
(652,145),
(654,126),
(656,60),
(657,67),
(659,127),
(659,128),
(660,128),
(662,116),
(663,32),
(663,110),
(664,1),
(664,2),
(665,146),
(666,32),
(666,110),
(667,32),
(667,110),
(669,110),
(670,31),
(670,143),
(671,116),
(674,61),
(675,67),
(675,143),
(676,32),
(676,110),
(677,32),
(677,110),
(678,110),
(679,110),
(680,128),
(681,117),
(683,134),
(683,184),
(684,32),
(684,110),
(685,32),
(685,110),
(686,110),
(688,136),
(689,118),
(690,135),
(690,184),
(691,61),
(692,67),
(692,143),
(693,32),
(693,110),
(694,125),
(695,14),
(695,113),
(696,129),
(698,5),
(698,6),
(699,35),
(699,143),
(701,1),
(701,110),
(703,129),
(703,130),
(704,61),
(705,67),
(705,143),
(706,32),
(706,110),
(707,131),
(707,132),
(707,133),
(708,129),
(709,1),
(709,115),
(709,116),
(709,117),
(710,118),
(712,146),
(713,32),
(713,110),
(714,32),
(714,110),
(715,136),
(716,136),
(717,30),
(717,184),
(718,2),
(718,118),
(720,146),
(721,61),
(722,67),
(722,184),
(723,32),
(725,136),
(728,119),
(729,135),
(729,184),
(730,32),
(730,110),
(731,32),
(731,110),
(733,132),
(733,133),
(733,134),
(734,136),
(735,1),
(735,122),
(735,123),
(735,124),
(736,120),
(737,135),
(737,184),
(738,66),
(738,184),
(739,67),
(739,184),
(740,32),
(740,110),
(742,1),
(742,184),
(744,111),
(745,111),
(746,114),
(748,113),
(749,129),
(749,130),
(750,111),
(754,111),
(755,131),
(756,34),
(756,143),
(757,17),
(757,18),
(757,19),
(757,111),
(758,34),
(758,143),
(759,1),
(759,184),
(760,146),
(762,62),
(763,67),
(763,184),
(764,32),
(764,110),
(765,116),
(766,20),
(766,21),
(766,22),
(766,23),
(766,24),
(766,25),
(766,26),
(766,27),
(766,111),
(767,132),
(767,133),
(768,1),
(768,125),
(768,126),
(768,127),
(768,128),
(769,120),
(772,32),
(772,110),
(773,32),
(773,110),
(774,136),
(776,136),
(777,1),
(777,184),
(778,1),
(778,130),
(778,131),
(778,132),
(778,133),
(779,121),
(780,146),
(781,65),
(782,67),
(782,184),
(783,32),
(783,110),
(784,32),
(784,136),
(785,121),
(786,136),
(787,25),
(787,26),
(787,27),
(787,28),
(787,29),
(787,30),
(787,31),
(787,111),
(788,136),
(790,121),
(791,135),
(791,184),
(792,32),
(792,110),
(793,32),
(793,136),
(794,122),
(795,136),
(796,111),
(796,184),
(797,136),
(798,24),
(798,25),
(798,26),
(798,27),
(798,28),
(798,29),
(798,30),
(799,121),
(802,111),
(803,135),
(803,184),
(804,67),
(804,184),
(805,67),
(805,184),
(806,32),
(806,110),
(807,111),
(807,184),
(808,1),
(808,184),
(809,134),
(809,135),
(812,34),
(812,143),
(813,111),
(813,184),
(814,67),
(814,143),
(815,1),
(815,184),
(816,146),
(817,111),
(817,184),
(818,67),
(818,184),
(819,67),
(819,184),
(820,32),
(820,136),
(821,123),
(821,124),
(823,135),
(823,143),
(824,1),
(824,184),
(825,122),
(826,3),
(827,111),
(827,184),
(828,146),
(829,67),
(829,184),
(830,67),
(830,184),
(831,32),
(831,136),
(833,125),
(835,111),
(835,184),
(836,136),
(837,135),
(837,184),
(838,122),
(839,3),
(840,146),
(841,32),
(841,136),
(843,110),
(844,111),
(844,184),
(845,136),
(846,1),
(846,184),
(847,30),
(847,31),
(848,122),
(851,184),
(853,32),
(853,136),
(855,126),
(855,127),
(856,136),
(857,111),
(857,184),
(858,136),
(859,1),
(859,184),
(860,123),
(861,4),
(863,67),
(863,184),
(864,67),
(864,184),
(865,32),
(865,136),
(866,111),
(866,184),
(867,1),
(867,184),
(872,1),
(872,184),
(874,131),
(874,184),
(875,184),
(877,67),
(877,184),
(878,184),
(879,67),
(879,184),
(880,32),
(880,136),
(881,133),
(882,111),
(882,184),
(883,135),
(883,184),
(884,1),
(884,184),
(885,123),
(887,147),
(888,184),
(889,32),
(889,136),
(891,184),
(892,111),
(892,184),
(893,136),
(894,1),
(894,184),
(895,1),
(895,184),
(896,124),
(897,4),
(898,147),
(900,184),
(902,32),
(902,136),
(903,32),
(903,136),
(904,128),
(905,136),
(906,111),
(906,184),
(907,136),
(909,124),
(910,4),
(911,135),
(911,184),
(913,32),
(913,136),
(914,128),
(917,136),
(918,1),
(918,184),
(920,4),
(921,135),
(921,184),
(922,67),
(922,184),
(923,67),
(923,184),
(924,32),
(924,136),
(926,1),
(926,184),
(927,135),
(927,194),
(928,111),
(930,112),
(930,113),
(930,114),
(930,115),
(931,110),
(931,111),
(941,111),
(941,112),
(941,113),
(942,111),
(942,112),
(943,111),
(945,67),
(945,184),
(946,137),
(947,67),
(947,194),
(948,32),
(948,136),
(949,128),
(951,135),
(951,194),
(952,1),
(952,184),
(953,125),
(958,137),
(959,32),
(959,136),
(964,1),
(964,184),
(965,1),
(965,184),
(966,125),
(967,4),
(968,115),
(968,116),
(971,34),
(971,143),
(973,148),
(975,114),
(982,111),
(982,184),
(985,136),
(986,111),
(986,184),
(987,136),
(989,135),
(989,184),
(990,67),
(990,194),
(991,67),
(991,194),
(992,32),
(992,136),
(993,111),
(993,184),
(994,1),
(994,184),
(995,135),
(995,194),
(996,120),
(996,121),
(998,116),
(1001,115),
(1002,148),
(1004,33),
(1004,137),
(1005,33),
(1006,136),
(1008,136),
(1009,1),
(1009,184),
(1010,1),
(1010,184),
(1011,128),
(1012,7),
(1014,134),
(1015,127),
(1015,128),
(1017,111),
(1017,184),
(1019,111),
(1019,184),
(1020,111),
(1020,112),
(1020,113),
(1020,114),
(1020,115),
(1021,110),
(1027,67),
(1027,194),
(1028,137),
(1029,67),
(1029,194),
(1030,32),
(1030,136),
(1031,32),
(1031,136),
(1032,129),
(1033,136),
(1034,111),
(1034,184),
(1035,136),
(1036,135),
(1036,194),
(1037,125),
(1038,4),
(1039,111),
(1039,112),
(1039,113),
(1039,114),
(1039,115),
(1040,135),
(1040,184),
(1041,32),
(1041,136),
(1042,32),
(1042,136),
(1043,130),
(1043,131),
(1043,132),
(1044,136),
(1045,111),
(1045,184),
(1046,136),
(1047,1),
(1047,184),
(1048,125),
(1049,5),
(1050,117),
(1050,118),
(1050,119),
(1051,114),
(1051,115),
(1051,116),
(1053,116),
(1054,115),
(1055,116),
(1056,116),
(1056,117),
(1057,116),
(1059,111),
(1059,112),
(1059,113),
(1062,69),
(1062,111),
(1063,67),
(1063,194),
(1065,67),
(1065,194),
(1066,32),
(1066,136),
(1067,133),
(1068,111),
(1068,184),
(1069,135),
(1069,194),
(1070,1),
(1070,184),
(1071,126),
(1072,5),
(1073,121),
(1073,122),
(1074,116),
(1075,118),
(1075,119),
(1076,116),
(1078,137),
(1079,32),
(1079,126),
(1080,32),
(1080,136),
(1081,136),
(1082,111),
(1082,184),
(1084,1),
(1084,184),
(1085,1),
(1085,184),
(1086,126),
(1088,123),
(1088,124),
(1089,117),
(1089,118),
(1090,119),
(1090,120),
(1090,121),
(1091,117),
(1091,118),
(1092,147),
(1093,67),
(1093,194),
(1094,137),
(1095,67),
(1095,194),
(1096,32),
(1096,136),
(1098,60),
(1098,134),
(1099,136),
(1100,111),
(1100,184),
(1101,136),
(1102,135),
(1102,194),
(1103,126),
(1105,116),
(1105,117),
(1105,118),
(1105,143),
(1106,121),
(1107,34),
(1107,143),
(1108,1),
(1108,184),
(1109,147),
(1112,111),
(1112,184),
(1115,1),
(1115,184),
(1116,147),
(1117,111),
(1117,184),
(1118,119),
(1118,120),
(1119,135),
(1120,32),
(1120,136),
(1121,32),
(1121,136),
(1122,135),
(1123,136),
(1124,111),
(1125,136),
(1127,126),
(1129,125),
(1130,117),
(1130,118),
(1131,135),
(1131,184),
(1132,67),
(1132,194),
(1133,67),
(1133,194),
(1134,32),
(1134,136),
(1136,1),
(1136,184),
(1138,126),
(1139,118),
(1139,119),
(1139,120),
(1140,119),
(1140,120),
(1141,34),
(1141,143),
(1143,121),
(1143,122),
(1144,111),
(1144,112),
(1144,113),
(1144,114),
(1144,115),
(1145,112),
(1148,124),
(1149,135),
(1149,184),
(1150,32),
(1150,136),
(1151,32),
(1151,136),
(1152,135),
(1152,143),
(1153,136),
(1155,136),
(1156,135),
(1156,194),
(1157,1),
(1157,184),
(1158,127),
(1160,127),
(1161,122),
(1161,123),
(1165,111),
(1166,114),
(1168,111),
(1168,184),
(1170,111),
(1170,184),
(1171,110),
(1172,111),
(1172,184),
(1174,67),
(1174,194),
(1175,137),
(1176,67),
(1176,194),
(1177,32),
(1177,136),
(1178,135),
(1179,111),
(1179,184),
(1180,1),
(1180,184),
(1181,127),
(1185,121),
(1187,121),
(1188,147),
(1190,32),
(1190,136),
(1191,32),
(1191,136),
(1192,136),
(1193,111),
(1193,184),
(1194,136),
(1195,1),
(1195,184),
(1196,1),
(1196,184),
(1197,127),
(1200,126),
(1201,121),
(1201,122),
(1202,121),
(1202,122),
(1204,184),
(1205,122),
(1205,123),
(1207,67),
(1207,194),
(1209,67),
(1209,194),
(1210,32),
(1210,136),
(1211,32),
(1211,136),
(1212,135),
(1212,143),
(1214,111),
(1214,184),
(1216,135),
(1216,194),
(1217,127),
(1219,122),
(1219,123),
(1220,122),
(1222,111),
(1222,182),
(1226,67),
(1226,194),
(1227,67),
(1227,194),
(1228,32),
(1228,136),
(1232,127),
(1233,123),
(1234,124),
(1236,34),
(1236,143),
(1238,126),
(1239,34),
(1239,143),
(1240,184),
(1243,147),
(1245,111),
(1245,112),
(1245,113),
(1245,114),
(1247,184),
(1252,184),
(1254,111),
(1254,112),
(1254,113),
(1254,114),
(1254,115),
(1254,116),
(1255,111),
(1255,112),
(1256,111),
(1256,112),
(1257,111),
(1257,112),
(1257,113),
(1257,114),
(1257,115),
(1257,116),
(1258,117),
(1258,118),
(1258,119),
(1258,120),
(1259,117),
(1259,118),
(1259,119),
(1259,120),
(1260,113),
(1260,143),
(1261,111),
(1261,112),
(1261,113),
(1262,184),
(1264,111),
(1265,67),
(1265,194),
(1267,67),
(1267,194),
(1268,32),
(1269,135),
(1269,143),
(1271,1),
(1271,184),
(1272,127),
(1273,6),
(1274,121),
(1275,128),
(1277,122),
(1278,120),
(1280,147),
(1283,32),
(1283,136),
(1288,1),
(1288,184),
(1289,127),
(1290,6),
(1291,129),
(1292,124),
(1293,123),
(1294,113),
(1294,114),
(1294,115),
(1295,184),
(1296,113),
(1296,114),
(1296,115),
(1297,112),
(1297,113),
(1297,114),
(1298,110),
(1298,126),
(1299,111),
(1299,184),
(1300,111),
(1300,184),
(1301,111),
(1301,184),
(1302,184),
(1303,111),
(1303,184),
(1304,128),
(1305,184),
(1307,125),
(1308,148),
(1310,184),
(1311,67),
(1311,194),
(1312,32),
(1312,136),
(1314,135),
(1314,143),
(1316,111),
(1316,184),
(1319,127),
(1320,6),
(1322,124),
(1322,125),
(1323,125),
(1325,32),
(1325,136),
(1326,32),
(1326,136),
(1327,135),
(1327,143),
(1328,136),
(1328,144),
(1329,111),
(1329,184),
(1330,136),
(1330,144),
(1332,1),
(1332,184),
(1333,127),
(1334,7),
(1335,121),
(1338,116),
(1338,117),
(1339,121),
(1340,115),
(1340,116),
(1341,111),
(1341,112),
(1341,113),
(1343,67),
(1343,194),
(1344,67),
(1344,194),
(1345,32),
(1345,137),
(1349,122),
(1350,129),
(1350,130),
(1350,131),
(1351,124),
(1352,127),
(1353,121),
(1354,117),
(1354,118),
(1355,111),
(1355,112),
(1355,113),
(1355,114),
(1356,184),
(1363,67),
(1363,68),
(1363,194),
(1365,68),
(1365,194),
(1366,32),
(1366,137),
(1367,135),
(1367,143),
(1371,7),
(1373,132),
(1373,133),
(1375,125),
(1376,121),
(1377,129),
(1379,111),
(1379,184),
(1380,125),
(1381,119),
(1381,120),
(1381,121),
(1382,184),
(1383,119),
(1383,120),
(1383,143),
(1384,114),
(1385,130),
(1385,131),
(1385,132),
(1386,148),
(1387,68),
(1387,194),
(1388,184),
(1389,68),
(1389,194),
(1390,33),
(1390,137),
(1391,33),
(1391,136),
(1392,135),
(1392,143),
(1393,136),
(1394,111),
(1394,184),
(1395,136),
(1396,135),
(1396,194),
(1397,128),
(1398,30),
(1399,130),
(1399,131),
(1400,125),
(1401,133),
(1401,134),
(1402,135),
(1402,184),
(1404,32),
(1404,137),
(1405,33),
(1405,137),
(1406,135),
(1406,143),
(1407,136),
(1408,111),
(1408,184),
(1409,136),
(1409,145),
(1410,135),
(1410,194),
(1411,1),
(1411,184),
(1412,128),
(1413,7),
(1414,123),
(1415,135),
(1417,122),
(1417,123),
(1417,124),
(1418,122),
(1420,113),
(1420,114),
(1423,68),
(1423,194),
(1424,33),
(1424,137),
(1426,1),
(1426,184),
(1427,111),
(1427,194),
(1428,123),
(1431,133),
(1432,123),
(1433,184),
(1434,121),
(1435,115),
(1436,34),
(1436,143),
(1438,133),
(1440,1),
(1440,184),
(1441,127),
(1444,68),
(1444,194),
(1445,184),
(1446,68),
(1447,33),
(1447,137),
(1448,135),
(1448,143),
(1450,1),
(1450,184),
(1451,128),
(1452,7),
(1453,124),
(1453,125),
(1454,135),
(1456,126),
(1457,124),
(1458,126),
(1458,127),
(1458,128),
(1461,111),
(1461,169),
(1462,111),
(1462,184),
(1463,111),
(1463,169),
(1464,127),
(1465,111),
(1466,148),
(1468,1),
(1468,137),
(1470,137),
(1472,137),
(1473,1),
(1473,184),
(1474,1),
(1474,184),
(1477,110),
(1477,135),
(1478,131),
(1479,126),
(1480,126),
(1480,127),
(1480,128),
(1481,184),
(1482,121),
(1483,115),
(1483,116),
(1487,148),
(1488,68),
(1488,194),
(1489,184),
(1490,68),
(1490,194),
(1491,33),
(1491,137),
(1492,33),
(1492,137),
(1493,135),
(1493,143),
(1494,137),
(1495,111),
(1495,169),
(1496,137),
(1497,135),
(1497,194),
(1498,126),
(1500,111),
(1501,126),
(1503,111),
(1504,120),
(1504,143),
(1507,33),
(1507,137),
(1508,33),
(1508,137),
(1509,135),
(1509,143),
(1510,137),
(1511,111),
(1511,192),
(1512,137),
(1513,135),
(1513,194),
(1514,1),
(1514,184),
(1515,127),
(1517,125),
(1518,111),
(1518,143),
(1519,131),
(1519,132),
(1520,125),
(1520,126),
(1520,127),
(1520,128),
(1521,125),
(1522,122),
(1523,116),
(1525,68),
(1525,184),
(1526,68),
(1526,194),
(1527,33),
(1527,137),
(1529,1),
(1529,184),
(1531,125),
(1532,111),
(1532,143),
(1533,133),
(1534,111),
(1535,125),
(1536,184),
(1537,123),
(1538,117),
(1538,118),
(1539,34),
(1539,143),
(1540,111),
(1540,157),
(1541,111),
(1543,1),
(1543,143),
(1544,130),
(1546,111),
(1546,194),
(1547,68),
(1547,194),
(1549,34),
(1549,194),
(1550,33),
(1550,137),
(1551,135),
(1551,143),
(1552,111),
(1552,194),
(1553,1),
(1553,194),
(1554,127),
(1556,126),
(1557,111),
(1557,143),
(1558,133),
(1559,126),
(1560,126),
(1562,110),
(1562,111),
(1565,184),
(1566,7),
(1567,7),
(1568,184),
(1569,7),
(1571,111),
(1571,184),
(1572,148),
(1573,128),
(1573,184),
(1574,33),
(1574,125),
(1575,33),
(1575,137),
(1578,110),
(1579,1),
(1579,184),
(1580,1),
(1580,110),
(1581,127),
(1582,7),
(1584,110),
(1584,111),
(1585,127),
(1587,184),
(1588,123),
(1588,124),
(1589,118),
(1590,111),
(1590,184),
(1592,68),
(1592,194),
(1593,184),
(1594,68),
(1595,33),
(1595,137),
(1596,33),
(1596,137),
(1597,135),
(1597,143),
(1598,110),
(1599,111),
(1599,157),
(1600,137),
(1602,127),
(1604,111),
(1604,184),
(1605,127),
(1607,111),
(1607,194),
(1610,33),
(1610,137),
(1612,135),
(1612,143),
(1613,137),
(1615,142),
(1617,1),
(1617,143),
(1618,127),
(1620,126),
(1620,127),
(1621,111),
(1621,184),
(1622,111),
(1622,184),
(1624,126),
(1624,127),
(1625,111),
(1626,119),
(1628,68),
(1628,194),
(1629,68),
(1629,194),
(1630,3),
(1630,137),
(1631,111),
(1631,158),
(1632,1),
(1632,184),
(1635,127),
(1638,111),
(1638,194),
(1639,127),
(1640,184),
(1640,194),
(1641,128),
(1642,120),
(1643,34),
(1643,143),
(1644,111),
(1644,158),
(1645,111),
(1645,194),
(1648,34),
(1648,143),
(1649,1),
(1649,194),
(1651,148),
(1656,7),
(1657,124),
(1659,68),
(1659,194),
(1660,164),
(1661,68),
(1661,194),
(1662,33),
(1662,137),
(1665,1),
(1665,143),
(1666,127),
(1667,7),
(1669,111),
(1669,184),
(1670,111),
(1670,184),
(1671,128),
(1673,111),
(1673,194),
(1675,164),
(1676,33),
(1676,137),
(1678,110),
(1678,150),
(1679,111),
(1679,158),
(1680,153),
(1680,163),
(1681,1),
(1681,194),
(1682,1),
(1682,143),
(1683,128),
(1684,7),
(1685,111),
(1685,184),
(1686,111),
(1686,184),
(1687,128),
(1690,126),
(1691,121),
(1692,111),
(1692,194),
(1694,68),
(1694,194),
(1695,164),
(1696,68),
(1696,127),
(1697,33),
(1697,137),
(1700,163),
(1701,111),
(1701,158),
(1702,163),
(1704,128),
(1705,7),
(1706,111),
(1706,194),
(1707,128),
(1708,111),
(1708,194),
(1710,3),
(1710,137),
(1712,135),
(1712,143),
(1713,163),
(1715,164),
(1717,1),
(1717,143),
(1718,128),
(1719,7),
(1721,111),
(1721,184),
(1722,111),
(1722,184),
(1725,130),
(1726,122),
(1728,68),
(1728,194),
(1729,68),
(1729,194),
(1737,111),
(1737,184),
(1740,130),
(1740,131),
(1741,122),
(1741,123),
(1743,127),
(1744,128),
(1745,128),
(1746,128),
(1748,33),
(1748,137),
(1749,33),
(1749,137),
(1752,110),
(1752,115),
(1753,128),
(1753,184),
(1754,33),
(1754,137),
(1755,111),
(1755,157),
(1756,130),
(1756,131),
(1756,132),
(1756,133),
(1758,128),
(1759,127),
(1760,126),
(1760,184),
(1776,111),
(1776,158),
(1779,34),
(1779,143),
(1780,111),
(1780,157),
(1781,111),
(1781,184),
(1782,34),
(1782,143),
(1783,1),
(1783,184),
(1784,133),
(1788,111),
(1788,194),
(1790,164),
(1791,1),
(1791,137),
(1792,33),
(1792,137),
(1793,110),
(1793,154),
(1795,165),
(1796,1),
(1796,194),
(1797,1),
(1797,143),
(1798,128),
(1799,7),
(1800,111),
(1800,184),
(1801,111),
(1801,184),
(1802,128),
(1804,127),
(1804,184),
(1805,132),
(1805,133),
(1806,123),
(1806,124),
(1806,125),
(1806,126),
(1806,127),
(1807,41),
(1807,113),
(1807,118),
(1808,48),
(1808,125),
(1809,68),
(1809,194),
(1810,164),
(1811,68),
(1811,194),
(1812,33),
(1812,137),
(1813,135),
(1813,143),
(1814,111),
(1814,157),
(1815,1),
(1815,143),
(1816,128),
(1818,128),
(1819,111),
(1819,184),
(1820,111),
(1820,184),
(1821,128),
(1822,128),
(1826,111),
(1826,194),
(1828,68),
(1828,194),
(1829,164),
(1830,34),
(1830,194),
(1831,33),
(1831,137),
(1832,1),
(1832,137),
(1834,155),
(1834,184),
(1835,111),
(1835,158),
(1836,155),
(1836,165),
(1838,128),
(1840,128),
(1841,111),
(1841,184),
(1842,129),
(1843,129),
(1844,111),
(1844,194),
(1846,1),
(1846,137),
(1847,1),
(1847,137),
(1849,110),
(1849,155),
(1851,156),
(1851,166),
(1853,1),
(1853,143),
(1854,128),
(1856,111),
(1856,184),
(1857,111),
(1857,184),
(1859,133),
(1860,128),
(1862,34),
(1862,194),
(1863,68),
(1863,126),
(1864,33),
(1864,138),
(1866,1),
(1866,194),
(1868,129),
(1871,111),
(1871,184),
(1872,129),
(1874,111),
(1875,128),
(1876,125),
(1877,111),
(1904,1),
(1904,157),
(1921,1),
(1921,157),
(1933,111),
(1933,143),
(1935,111),
(1935,143),
(1938,111),
(1938,143),
(1940,135),
(1940,194),
(1941,135),
(1941,184),
(1942,111),
(1942,190),
(1944,164),
(1945,33),
(1945,184),
(1946,33),
(1946,137),
(1947,111),
(1947,143),
(1948,156),
(1948,165),
(1950,158),
(1950,166),
(1951,1),
(1951,194),
(1952,1),
(1952,143),
(1953,129),
(1955,111),
(1955,184),
(1956,111),
(1956,184),
(1957,129),
(1960,111),
(1960,143),
(1963,111),
(1963,157),
(1964,111),
(1964,194),
(1965,111),
(1965,157),
(1967,34),
(1967,143),
(1968,111),
(1968,168),
(1972,34),
(1972,143),
(1973,111),
(1973,112),
(1973,113),
(1973,114),
(1973,115),
(1974,1),
(1974,194),
(1976,149),
(1977,111),
(1977,168),
(1979,141),
(1979,149),
(1980,68),
(1980,194),
(1981,164),
(1982,68),
(1982,194),
(1984,111),
(1984,143),
(1985,111),
(1985,185),
(1986,1),
(1986,143),
(1987,128),
(1989,129),
(1990,111),
(1990,184),
(1991,111),
(1991,184),
(1992,129),
(1993,129),
(1995,111),
(1995,190),
(1998,68),
(1998,194),
(1999,164),
(2000,68),
(2000,194),
(2001,33),
(2001,138),
(2003,158),
(2003,166),
(2005,173),
(2006,129),
(2008,129),
(2009,111),
(2009,194),
(2010,129),
(2011,130),
(2013,34),
(2013,194),
(2015,1),
(2015,138),
(2017,1),
(2017,194),
(2019,131),
(2023,131),
(2025,111),
(2025,194),
(2026,130),
(2027,110),
(2027,115),
(2030,33),
(2030,184),
(2031,33),
(2031,137),
(2032,111),
(2032,143),
(2033,167),
(2033,170),
(2035,174),
(2036,134),
(2036,143),
(2037,1),
(2037,143),
(2038,129),
(2039,7),
(2043,111),
(2043,194),
(2044,129),
(2045,115),
(2045,116),
(2045,117),
(2045,118),
(2045,119),
(2046,120),
(2046,121),
(2046,122),
(2046,123),
(2047,141),
(2047,149),
(2049,117),
(2049,194),
(2050,184),
(2051,184),
(2054,124),
(2065,157),
(2069,1),
(2069,194),
(2072,149),
(2073,157),
(2074,141),
(2074,149),
(2075,34),
(2077,34),
(2078,33),
(2078,138),
(2081,1),
(2081,143),
(2082,129),
(2083,7),
(2084,131),
(2087,130),
(2088,111),
(2089,111),
(2089,190),
(2092,1),
(2092,136),
(2093,1),
(2095,168),
(2095,173),
(2096,168),
(2097,175),
(2098,1),
(2098,194),
(2100,130),
(2101,7),
(2102,184),
(2104,130),
(2106,184),
(2106,194),
(2111,111),
(2111,190),
(2113,68),
(2115,68),
(2116,33),
(2118,174),
(2118,185),
(2119,168),
(2120,174),
(2120,186),
(2122,7),
(2123,132),
(2125,130),
(2126,132),
(2128,111),
(2128,190),
(2130,33),
(2130,138),
(2131,1),
(2131,137),
(2133,177),
(2133,187),
(2134,168),
(2135,178),
(2135,188),
(2136,135),
(2136,184),
(2137,1),
(2137,143),
(2138,131),
(2140,184),
(2140,194),
(2141,184),
(2145,34),
(2146,34),
(2147,1),
(2147,138),
(2148,143),
(2150,132),
(2150,133),
(2155,184),
(2155,194),
(2158,34),
(2158,143),
(2159,192),
(2161,34),
(2161,143),
(2166,149),
(2171,184),
(2172,111),
(2172,194),
(2173,132),
(2174,124),
(2175,111),
(2175,194),
(2176,111),
(2176,143),
(2177,111),
(2177,194),
(2178,131),
(2179,127),
(2179,128),
(2180,116),
(2180,117),
(2180,118),
(2180,119),
(2180,120),
(2181,111),
(2181,184),
(2182,125),
(2182,126),
(2182,127),
(2182,128),
(2182,129),
(2183,121),
(2183,122),
(2184,111),
(2184,184),
(2185,111),
(2185,194),
(2186,133),
(2187,16),
(2187,126),
(2188,1),
(2188,194),
(2189,111),
(2189,184),
(2190,111),
(2190,143),
(2191,1),
(2191,194),
(2192,129),
(2193,141),
(2193,149),
(2194,34),
(2195,110),
(2196,34),
(2196,194),
(2197,1),
(2197,138),
(2198,111),
(2200,1),
(2200,186),
(2201,132),
(2203,133),
(2204,184),
(2205,184),
(2206,132),
(2208,111),
(2208,112),
(2208,113),
(2208,114),
(2209,111),
(2209,190),
(2210,135),
(2210,194),
(2211,1),
(2211,138),
(2212,1),
(2212,138),
(2213,111),
(2213,194),
(2214,179),
(2214,189),
(2216,179),
(2216,190),
(2217,112),
(2217,184),
(2218,1),
(2218,187),
(2220,8),
(2221,184),
(2222,184),
(2223,184),
(2224,111),
(2224,194),
(2225,133),
(2227,111),
(2227,190),
(2228,142),
(2228,150),
(2229,164),
(2232,111),
(2232,194),
(2233,177),
(2233,188),
(2235,177),
(2235,189),
(2236,1),
(2236,194),
(2237,1),
(2237,187),
(2238,131),
(2239,7),
(2240,184),
(2241,184),
(2242,131),
(2243,184),
(2244,111),
(2244,194),
(2246,116),
(2247,129),
(2247,130),
(2247,194),
(2248,124),
(2249,111),
(2249,190),
(2250,135),
(2251,34),
(2252,110),
(2253,34),
(2253,194),
(2254,1),
(2254,138),
(2255,1),
(2255,137),
(2256,179),
(2256,194),
(2257,143),
(2258,179),
(2258,189),
(2259,132),
(2261,133),
(2263,132),
(2264,133),
(2265,116),
(2265,117),
(2266,133),
(2267,127),
(2268,34),
(2268,194),
(2269,34),
(2269,194),
(2270,1),
(2270,138),
(2271,143),
(2272,1),
(2272,194),
(2273,133),
(2274,184),
(2277,133),
(2283,111),
(2283,184),
(2285,1),
(2285,194),
(2287,184),
(2287,194),
(2289,126),
(2289,194),
(2292,34),
(2292,143),
(2294,143),
(2295,33),
(2297,143),
(2298,142),
(2298,150),
(2299,34),
(2299,194),
(2300,184),
(2301,34),
(2301,194),
(2302,1),
(2302,138),
(2303,111),
(2303,194),
(2304,143),
(2305,132),
(2306,7),
(2307,135),
(2308,184),
(2309,184),
(2310,133),
(2311,133),
(2313,111),
(2313,190),
(2314,150),
(2315,184),
(2318,111),
(2318,194),
(2319,179),
(2319,190),
(2320,143),
(2321,179),
(2321,190),
(2322,1),
(2322,194),
(2323,133),
(2324,8),
(2325,184),
(2326,184),
(2327,133),
(2328,184),
(2329,111),
(2329,194),
(2330,133),
(2331,117),
(2331,118),
(2331,119),
(2331,120),
(2332,134),
(2335,111),
(2335,190),
(2337,34),
(2337,194),
(2338,184),
(2339,34),
(2339,194),
(2340,1),
(2340,138),
(2341,1),
(2341,138),
(2342,180),
(2342,193),
(2343,143),
(2344,142),
(2344,193),
(2345,133),
(2346,8),
(2348,111),
(2348,184),
(2349,133),
(2350,134),
(2351,121),
(2351,122),
(2352,110),
(2352,111),
(2354,111),
(2354,193),
(2356,1),
(2356,138),
(2357,1),
(2357,138),
(2358,111),
(2358,194),
(2359,165),
(2359,194),
(2360,143),
(2361,110),
(2362,112),
(2362,184),
(2364,133),
(2365,8),
(2366,184),
(2367,184),
(2369,111),
(2369,194),
(2370,111),
(2370,143),
(2372,34),
(2372,194),
(2373,34),
(2373,194),
(2374,1),
(2374,138),
(2377,135),
(2381,134),
(2382,184),
(2383,111),
(2383,194),
(2384,111),
(2384,194),
(2385,1),
(2390,111),
(2390,194),
(2391,151),
(2393,151),
(2393,161),
(2394,34),
(2394,194),
(2395,184),
(2396,34),
(2396,194),
(2397,1),
(2397,138),
(2398,111),
(2398,194),
(2401,133),
(2404,184),
(2405,184),
(2406,133),
(2407,135),
(2407,143),
(2408,122),
(2408,123),
(2408,124),
(2409,111),
(2409,193),
(2410,151),
(2410,161),
(2411,184),
(2412,1),
(2414,115),
(2414,194),
(2415,184),
(2417,184),
(2420,133),
(2421,8),
(2422,184),
(2423,184),
(2424,133),
(2426,111),
(2426,194),
(2427,111),
(2427,194),
(2428,127),
(2429,111),
(2429,194),
(2430,125),
(2430,126),
(2430,127),
(2430,128),
(2432,111),
(2432,190),
(2433,135),
(2434,34),
(2434,194),
(2435,184),
(2436,34),
(2436,194),
(2437,1),
(2437,146),
(2438,1),
(2438,138),
(2441,184),
(2442,134),
(2443,8),
(2444,111),
(2444,143),
(2445,111),
(2445,184),
(2446,134),
(2447,111),
(2447,194),
(2448,128),
(2449,111),
(2449,194),
(2450,130),
(2450,131),
(2453,33),
(2453,138),
(2455,111),
(2455,194),
(2458,184),
(2458,194),
(2459,135),
(2459,184),
(2461,134),
(2462,8),
(2463,184),
(2464,184),
(2465,184),
(2465,189),
(2466,111),
(2466,194),
(2467,111),
(2467,194),
(2469,34),
(2469,194),
(2470,34),
(2470,194),
(2471,1),
(2474,111),
(2474,143),
(2477,111),
(2477,184),
(2478,135),
(2480,112),
(2480,194),
(2481,111),
(2481,194),
(2484,111),
(2484,184),
(2486,143),
(2487,144),
(2488,144),
(2489,111),
(2491,111),
(2492,144),
(2493,111),
(2495,144),
(2496,144),
(2497,34),
(2497,143),
(2501,144),
(2503,68),
(2503,194),
(2504,110),
(2505,34),
(2505,194),
(2507,111),
(2507,194),
(2508,144),
(2513,184),
(2514,184),
(2515,135),
(2517,126),
(2518,111),
(2519,151),
(2519,161),
(2520,2),
(2520,138),
(2521,111),
(2521,193),
(2522,151),
(2522,161),
(2524,1),
(2524,139),
(2526,111),
(2526,194),
(2527,184),
(2528,144),
(2529,184),
(2531,134),
(2532,8),
(2533,184),
(2534,184),
(2537,111),
(2537,194),
(2538,111),
(2538,194),
(2539,125),
(2540,111),
(2540,194),
(2541,133),
(2542,111),
(2543,111),
(2543,193),
(2544,135),
(2544,194),
(2545,34),
(2545,194),
(2546,110),
(2547,34),
(2547,194),
(2548,1),
(2548,139),
(2550,184),
(2551,144),
(2552,184),
(2553,134),
(2554,8),
(2555,111),
(2555,143),
(2556,111),
(2556,184),
(2557,135),
(2558,111),
(2558,143),
(2559,131),
(2559,132),
(2559,133),
(2561,134),
(2561,135),
(2562,111),
(2563,111),
(2563,193),
(2565,1),
(2565,139),
(2567,111),
(2567,194),
(2568,184),
(2569,192),
(2570,183),
(2570,193),
(2572,135),
(2576,184),
(2577,111),
(2577,194),
(2578,111),
(2578,194),
(2580,34),
(2580,194),
(2581,34),
(2581,184),
(2582,1),
(2582,139),
(2583,144),
(2585,111),
(2585,143),
(2588,111),
(2588,184),
(2589,111),
(2589,143),
(2590,184),
(2591,111),
(2591,194),
(2592,111),
(2592,194),
(2594,111),
(2594,184),
(2598,144),
(2599,152),
(2599,162),
(2600,34),
(2600,194),
(2601,110),
(2602,34),
(2602,194),
(2603,1),
(2603,139),
(2604,111),
(2604,194),
(2605,144),
(2606,135),
(2607,8),
(2608,111),
(2608,143),
(2611,110),
(2611,111),
(2612,111),
(2612,143),
(2614,112),
(2618,184),
(2619,184),
(2621,184),
(2622,184),
(2623,111),
(2623,194),
(2624,152),
(2625,110),
(2627,9),
(2627,138),
(2628,111),
(2628,194),
(2629,137),
(2629,145),
(2632,1),
(2632,184),
(2633,135),
(2635,184),
(2636,184),
(2638,184),
(2638,194),
(2639,111),
(2639,194),
(2640,111),
(2640,194),
(2642,111),
(2642,194),
(2643,110),
(2643,111),
(2644,112),
(2645,114),
(2645,194),
(2647,34),
(2647,194),
(2648,110),
(2649,34),
(2649,193),
(2651,1),
(2651,138),
(2652,137),
(2652,145),
(2655,135),
(2658,111),
(2658,184),
(2661,112),
(2665,111),
(2665,194),
(2669,111),
(2670,137),
(2670,145),
(2673,118),
(2673,184),
(2674,135),
(2676,184),
(2677,184),
(2679,111),
(2679,194),
(2680,111),
(2680,194),
(2681,34),
(2681,194),
(2682,34),
(2682,193),
(2685,1),
(2686,111),
(2686,143),
(2687,112),
(2687,184),
(2688,111),
(2688,143),
(2689,184),
(2690,111),
(2690,194),
(2691,111),
(2691,194),
(2692,34),
(2692,143),
(2698,137),
(2699,110),
(2700,145),
(2701,137),
(2702,110),
(2703,145),
(2704,137),
(2706,1),
(2706,139),
(2707,1),
(2707,139),
(2708,1),
(2710,145),
(2711,34),
(2711,143),
(2712,1),
(2712,194),
(2713,111),
(2713,194),
(2714,145),
(2716,34),
(2716,194),
(2717,110),
(2718,34),
(2718,193),
(2719,139),
(2721,143),
(2722,135),
(2722,184),
(2723,8),
(2724,111),
(2724,143),
(2726,184),
(2727,110),
(2728,111),
(2728,143),
(2729,111),
(2730,114),
(2731,111),
(2731,194),
(2733,110),
(2734,139),
(2736,111),
(2736,194),
(2737,137),
(2737,145),
(2738,192),
(2739,137),
(2739,145),
(2740,1),
(2740,194),
(2741,111),
(2743,184),
(2744,184),
(2746,184),
(2746,194),
(2747,111),
(2747,194),
(2748,111),
(2748,194),
(2749,111),
(2749,143),
(2750,111),
(2750,194),
(2752,114),
(2753,111),
(2753,194),
(2755,34),
(2755,194),
(2757,34),
(2757,193),
(2758,139),
(2760,137),
(2760,145),
(2762,137),
(2765,111),
(2765,143),
(2766,111),
(2766,184),
(2768,111),
(2768,143),
(2769,111),
(2769,194),
(2772,114),
(2773,111),
(2775,139),
(2777,111),
(2777,194),
(2780,137),
(2786,184),
(2787,111),
(2787,194),
(2788,112),
(2788,194),
(2789,34),
(2789,194),
(2790,34),
(2790,193),
(2791,139),
(2792,143),
(2794,111),
(2794,143),
(2795,111),
(2795,184),
(2796,111),
(2796,143),
(2798,111),
(2798,194),
(2799,111),
(2799,194),
(2800,34),
(2800,144),
(2801,143),
(2802,184),
(2803,184),
(2804,111),
(2804,184),
(2805,34),
(2805,144),
(2806,1),
(2806,194),
(2808,144),
(2809,2),
(2810,111),
(2811,1),
(2812,124),
(2813,184),
(2815,184),
(2816,111),
(2816,194),
(2817,114),
(2818,111),
(2818,194),
(2819,114),
(2819,194),
(2820,111),
(2820,194),
(2821,152),
(2821,162),
(2822,34),
(2822,194),
(2823,110),
(2824,34),
(2824,193),
(2825,139),
(2826,111),
(2826,194),
(2828,184),
(2832,184),
(2833,110),
(2834,111),
(2834,143),
(2835,111),
(2835,194),
(2836,114),
(2837,1),
(2838,1),
(2839,1),
(2840,111),
(2840,194),
(2843,139),
(2845,111),
(2845,194),
(2848,137),
(2850,184),
(2854,110),
(2856,111),
(2856,194),
(2857,111),
(2857,194),
(2860,1),
(2863,194),
(2864,110),
(2865,193),
(2866,139),
(2870,184),
(2874,110),
(2880,139),
(2885,135),
(2885,184),
(2886,184),
(2890,184),
(2890,194),
(2893,194),
(2894,193),
(2895,184),
(2907,1),
(2916,143),
(2917,143),
(2918,69),
(2918,143),
(2919,143);

/*Table structure for table `teacher_work_timings` */

DROP TABLE IF EXISTS `teacher_work_timings`;

CREATE TABLE `teacher_work_timings` (
  `id` int(10) unsigned NOT NULL AUTO_INCREMENT,
  `user_id` int(10) unsigned NOT NULL DEFAULT 0,
  `start_slot_id` int(11) DEFAULT NULL,
  `end_slot_id` int(11) DEFAULT NULL,
  `created_at` datetime DEFAULT NULL,
  `updated_at` datetime DEFAULT NULL,
  PRIMARY KEY (`id`),
  KEY `fk_users_teacher_work_timings` (`user_id`),
  CONSTRAINT `fk_users_teacher_work_timings` FOREIGN KEY (`user_id`) REFERENCES `users` (`id`) ON DELETE CASCADE ON UPDATE CASCADE
) ENGINE=InnoDB AUTO_INCREMENT=2 DEFAULT CHARSET=utf8;

/*Data for the table `teacher_work_timings` */

insert  into `teacher_work_timings`(`id`,`user_id`,`start_slot_id`,`end_slot_id`,`created_at`,`updated_at`) values 
(1,44,1,48,'2021-01-09 16:41:08','2021-01-09 16:41:20');

/*Table structure for table `time_slots` */

DROP TABLE IF EXISTS `time_slots`;

CREATE TABLE `time_slots` (
  `id` int(10) unsigned NOT NULL AUTO_INCREMENT,
  `t_slot` varchar(20) CHARACTER SET latin1 NOT NULL DEFAULT '',
  PRIMARY KEY (`id`)
) ENGINE=InnoDB AUTO_INCREMENT=49 DEFAULT CHARSET=utf8;

/*Data for the table `time_slots` */

insert  into `time_slots`(`id`,`t_slot`) values 
(1,'12:00 AM - 12:30 AM'),
(2,'12:30 AM - 01:00 AM'),
(3,'01:00 AM - 01:30 AM'),
(4,'01:30 AM - 02:00 AM'),
(5,'02:00 AM - 02:30 AM'),
(6,'02:30 AM - 03:00 AM'),
(7,'03:00 AM - 03:30 AM'),
(8,'03:30 AM - 04:00 AM'),
(9,'04:00 AM - 04:30 AM'),
(10,'04:30 AM - 05:00 AM'),
(11,'05:00 AM - 05:30 AM'),
(12,'05:30 AM - 06:00 AM'),
(13,'06:00 AM - 06:30 AM'),
(14,'06:30 AM - 07:00 AM'),
(15,'07:00 AM - 07:30 AM'),
(16,'07:30 AM - 08:00 AM'),
(17,'08:00 AM - 08:30 AM'),
(18,'08:30 AM - 09:00 AM'),
(19,'09:00 AM - 09:30 AM'),
(20,'09:30 AM - 10:00 AM'),
(21,'10:00 AM - 10:30 AM'),
(22,'10:30 AM - 11:00 AM'),
(23,'11:00 AM - 11:30 AM'),
(24,'11:30 AM - 12:00 PM'),
(25,'12:00 PM - 12:30 PM'),
(26,'12:30 PM - 01:00 PM'),
(27,'01:00 PM - 01:30 PM'),
(28,'01:30 PM - 02:00 PM'),
(29,'02:00 PM - 02:30 PM'),
(30,'02:30 PM - 03:00 PM'),
(31,'03:00 PM - 03:30 PM'),
(32,'03:30 PM - 04:00 PM'),
(33,'04:00 PM - 04:30 PM'),
(34,'04:30 PM - 05:00 PM'),
(35,'05:00 PM - 05:30 PM'),
(36,'05:30 PM - 06:00 PM'),
(37,'06:00 PM - 06:30 PM'),
(38,'06:30 PM - 07:00 PM'),
(39,'07:00 PM - 07:30 PM'),
(40,'07:30 PM - 08:00 PM'),
(41,'08:00 PM - 08:30 PM'),
(42,'08:30 PM - 09:00 PM'),
(43,'09:00 PM - 09:30 PM'),
(44,'09:30 PM - 10:00 PM'),
(45,'10:00 PM - 10:30 PM'),
(46,'10:30 PM - 11:00 PM'),
(47,'11:00 PM - 11:30 PM'),
(48,'11:30 PM - 12:00 AM');

/*Table structure for table `user_details` */

DROP TABLE IF EXISTS `user_details`;

CREATE TABLE `user_details` (
  `id` int(10) unsigned NOT NULL AUTO_INCREMENT,
  `user_id` int(10) unsigned NOT NULL,
  `first_name` varchar(200) NOT NULL,
  `last_name` varchar(200) NOT NULL,
  `gender` tinyint(1) NOT NULL DEFAULT 3 COMMENT '1 Male 2 Female 3 Not Specified',
  `photo` varchar(100) NOT NULL DEFAULT 'no-image.png',
  `currency` varchar(4) NOT NULL,
  `country` varchar(100) NOT NULL,
  `created_at` datetime NOT NULL,
  `updated_at` datetime NOT NULL,
  PRIMARY KEY (`id`),
  KEY `fk_user_id_users_details` (`user_id`),
  CONSTRAINT `fk_user_id_users_details` FOREIGN KEY (`user_id`) REFERENCES `users` (`id`) ON DELETE CASCADE ON UPDATE CASCADE
) ENGINE=InnoDB AUTO_INCREMENT=5 DEFAULT CHARSET=utf8;

/*Data for the table `user_details` */

insert  into `user_details`(`id`,`user_id`,`first_name`,`last_name`,`gender`,`photo`,`currency`,`country`,`created_at`,`updated_at`) values 
(1,1,'System','Admin',3,'user1_1610642433.jpg','PKR','Pakistan','2020-12-25 11:23:05','2021-01-14 16:40:33'),
(2,44,'Test1','Teacher',1,'no-image.png','$','pakistan','2021-01-08 05:57:20','2021-01-08 05:57:20'),
(3,45,'Fawad','Ahmad',1,'no-image.png','PKR','Pakistan','2021-01-09 06:15:47','2021-01-09 06:15:47'),
(4,46,'Saima','Naz',2,'no-image.png','PKR','Pakistan','2021-01-09 06:16:50','2021-01-09 06:16:50');

/*Table structure for table `user_login_history` */

DROP TABLE IF EXISTS `user_login_history`;

CREATE TABLE `user_login_history` (
  `id` int(10) unsigned NOT NULL AUTO_INCREMENT,
  `user_id` int(10) unsigned NOT NULL DEFAULT 0,
  `login_time` datetime NOT NULL,
  `logout_time` datetime DEFAULT NULL,
  `created_at` datetime NOT NULL,
  `updated_at` datetime NOT NULL,
  PRIMARY KEY (`id`),
  KEY `fk_user_id_users_login_history` (`user_id`),
  CONSTRAINT `fk_user_id_users_login_history` FOREIGN KEY (`user_id`) REFERENCES `users` (`id`) ON DELETE CASCADE ON UPDATE CASCADE
) ENGINE=InnoDB AUTO_INCREMENT=25 DEFAULT CHARSET=utf8;

/*Data for the table `user_login_history` */

insert  into `user_login_history`(`id`,`user_id`,`login_time`,`logout_time`,`created_at`,`updated_at`) values 
(1,1,'2021-01-09 05:01:59',NULL,'2021-01-09 05:10:59','2021-01-09 05:10:59'),
(2,1,'2021-01-09 05:01:55',NULL,'2021-01-09 05:13:55','2021-01-09 05:13:55'),
(3,1,'2021-01-09 04:01:17',NULL,'2021-01-09 16:29:17','2021-01-09 16:29:17'),
(4,1,'2021-01-09 04:01:17',NULL,'2021-01-09 16:56:17','2021-01-09 16:56:17'),
(5,1,'2021-01-10 03:01:36',NULL,'2021-01-10 03:08:36','2021-01-10 03:08:36'),
(6,1,'2021-01-10 03:01:41',NULL,'2021-01-10 03:57:41','2021-01-10 03:57:41'),
(7,1,'2021-01-11 06:01:21',NULL,'2021-01-11 18:50:21','2021-01-11 18:50:21'),
(8,1,'2021-01-12 03:01:24',NULL,'2021-01-12 15:27:24','2021-01-12 15:27:24'),
(9,1,'2021-01-12 03:01:29',NULL,'2021-01-12 15:39:29','2021-01-12 15:39:29'),
(10,1,'2021-01-12 06:01:31',NULL,'2021-01-12 18:16:31','2021-01-12 18:16:31'),
(11,1,'2021-01-13 02:01:19',NULL,'2021-01-13 02:24:19','2021-01-13 02:24:19'),
(12,1,'2021-01-13 01:01:25',NULL,'2021-01-13 13:52:25','2021-01-13 13:52:25'),
(13,1,'2021-01-14 02:01:24',NULL,'2021-01-14 14:13:24','2021-01-14 14:13:24'),
(14,1,'2021-01-14 06:01:06',NULL,'2021-01-14 18:58:06','2021-01-14 18:58:06'),
(15,1,'2021-01-15 08:01:13',NULL,'2021-01-15 20:35:13','2021-01-15 20:35:13'),
(16,1,'2021-01-16 10:01:06',NULL,'2021-01-16 10:29:06','2021-01-16 10:29:06'),
(17,1,'2021-01-17 02:01:05',NULL,'2021-01-17 02:10:05','2021-01-17 02:10:05'),
(18,1,'2021-01-18 01:01:55',NULL,'2021-01-18 13:32:55','2021-01-18 13:32:55'),
(19,1,'2021-01-19 02:01:54',NULL,'2021-01-19 14:51:54','2021-01-19 14:51:54'),
(20,1,'2021-01-19 05:01:49',NULL,'2021-01-19 17:07:49','2021-01-19 17:07:49'),
(21,1,'2021-01-20 04:01:13',NULL,'2021-01-20 16:54:13','2021-01-20 16:54:13'),
(22,1,'2021-01-21 01:01:16',NULL,'2021-01-21 13:14:16','2021-01-21 13:14:16'),
(23,1,'2021-01-21 06:01:12',NULL,'2021-01-21 18:30:12','2021-01-21 18:30:12'),
(24,1,'2021-01-24 02:01:49',NULL,'2021-01-24 02:11:49','2021-01-24 02:11:49');

/*Table structure for table `users` */

DROP TABLE IF EXISTS `users`;

CREATE TABLE `users` (
  `id` int(10) unsigned NOT NULL AUTO_INCREMENT,
  `company_id` int(10) unsigned DEFAULT 1,
  `role_id` int(10) unsigned NOT NULL,
  `email` varchar(45) CHARACTER SET latin1 NOT NULL DEFAULT '',
  `password` varchar(45) CHARACTER SET latin1 DEFAULT NULL,
  `phone_number` varchar(50) CHARACTER SET latin1 DEFAULT NULL,
  `is_login` int(11) NOT NULL DEFAULT 0,
  `status` tinyint(1) NOT NULL DEFAULT 1,
  `time_zone` varchar(100) CHARACTER SET latin1 DEFAULT NULL,
  `created_at` datetime NOT NULL,
  `updated_at` datetime DEFAULT NULL,
  PRIMARY KEY (`id`),
  KEY `fk_company_id_users_companies` (`company_id`),
  KEY `fk_role_id_users_roles` (`role_id`),
  CONSTRAINT `fk_company_id_users_companies` FOREIGN KEY (`company_id`) REFERENCES `companies` (`id`) ON DELETE CASCADE ON UPDATE CASCADE,
  CONSTRAINT `fk_role_id_users_roles` FOREIGN KEY (`role_id`) REFERENCES `roles` (`id`) ON DELETE CASCADE ON UPDATE CASCADE
) ENGINE=InnoDB AUTO_INCREMENT=47 DEFAULT CHARSET=utf8;

/*Data for the table `users` */

insert  into `users`(`id`,`company_id`,`role_id`,`email`,`password`,`phone_number`,`is_login`,`status`,`time_zone`,`created_at`,`updated_at`) values 
(1,1,1,'admin@system.com','e66hne6WVZbpY','+923469738819',1,1,'','2020-12-25 11:21:47','2020-12-25 11:21:50'),
(44,1,4,'test1@teacher.com','b4bKtNqfQnw7I','03462154854',0,1,NULL,'2021-01-08 05:57:20','2021-01-08 06:15:39'),
(45,1,3,'fawad_ahmad@gmail.com','3dwkldwV/6F9E','03469738820',0,1,NULL,'2021-01-09 06:15:47','2021-01-09 06:15:47'),
(46,1,4,'saima_naz@gmail.com','3dwkldwV/6F9E','03469838819',0,1,NULL,'2021-01-09 06:16:50','2021-01-09 06:16:50');

/*Table structure for table `week_days` */

DROP TABLE IF EXISTS `week_days`;

CREATE TABLE `week_days` (
  `id` int(10) unsigned NOT NULL AUTO_INCREMENT,
  `day` varchar(15) NOT NULL,
  `created_at` datetime NOT NULL,
  `updated_at` datetime NOT NULL,
  PRIMARY KEY (`id`)
) ENGINE=InnoDB AUTO_INCREMENT=8 DEFAULT CHARSET=utf8;

/*Data for the table `week_days` */

insert  into `week_days`(`id`,`day`,`created_at`,`updated_at`) values 
(1,'Monday','2021-01-09 17:25:20','2021-01-09 17:25:20'),
(2,'Tuesday','2021-01-09 17:25:20','2021-01-09 17:25:20'),
(3,'Wednesday','2021-01-09 17:25:20','2021-01-09 17:25:20'),
(4,'Thursday','2021-01-09 17:25:20','2021-01-09 17:25:20'),
(5,'Friday','2021-01-09 17:25:20','2021-01-09 17:25:20'),
(6,'Saturday','2021-01-09 17:25:20','2021-01-09 17:25:20'),
(7,'Sunday','2021-01-09 17:25:20','2021-01-09 17:25:20');

/*!40101 SET SQL_MODE=@OLD_SQL_MODE */;
/*!40014 SET FOREIGN_KEY_CHECKS=@OLD_FOREIGN_KEY_CHECKS */;
/*!40014 SET UNIQUE_CHECKS=@OLD_UNIQUE_CHECKS */;
/*!40111 SET SQL_NOTES=@OLD_SQL_NOTES */;
